Time Stamp,ID,Extended,Dir,Bus,LEN,D1,D2,D3,D4,D5,D6,D7,D8
0,00000380,false,Rx,0,8,B0,80,00,76,20,00,00,FE,
0,00000380,false,Rx,0,8,B0,80,00,76,20,00,00,FE,
0,00000588,false,Rx,0,8,0B,00,72,00,00,80,00,00,
0,00000380,false,Rx,0,8,B0,80,00,76,20,00,00,FE,
0,00000380,false,Rx,0,8,B0,80,00,76,20,00,00,FE,
160000,00000588,false,Rx,0,8,0B,00,72,00,00,80,00,00,
0,00000380,false,Rx,0,8,B0,80,00,76,20,00,00,FE,
0,00000380,false,Rx,0,8,B0,80,00,76,20,00,00,FE,
0,00000588,false,Rx,0,8,0B,00,72,00,00,80,00,00,
0,00000380,false,Rx,0,8,B0,80,00,76,20,00,00,FE,
0,00000380,false,Rx,0,8,B0,80,00,76,20,00,00,FE,
0,00000588,false,Rx,0,8,0B,00,72,00,00,80,00,00,
0,00000380,false,Rx,0,8,B0,80,00,76,20,00,00,FE,
0,00000380,false,Rx,0,8,B0,80,00,76,20,00,00,FE,
0,00000588,false,Rx,0,8,0B,00,72,00,00,80,00,00,
0,00000380,false,Rx,0,8,B0,80,00,76,20,00,00,FE,
0,00000380,false,Rx,0,8,B0,80,00,76,20,00,00,FE,
0,00000588,false,Rx,0,8,0B,00,72,00,00,80,00,00,
0,00000380,false,Rx,0,8,B0,80,00,76,20,00,00,FE,
0,00000380,false,Rx,0,8,B0,80,00,76,20,00,00,FE,
0,00000588,false,Rx,0,8,0B,00,72,00,00,80,00,00,
0,00000380,false,Rx,0,8,B0,80,00,76,20,00,00,FE,
0,00000380,false,Rx,0,8,B0,80,00,76,20,00,00,FE,
0,00000588,false,Rx,0,8,0B,00,72,00,00,80,00,00,
0,00000380,false,Rx,0,8,B0,80,00,76,20,00,00,FE,
0,00000380,false,Rx,0,8,B0,80,00,76,20,00,00,FE,
0,00000284,false,Rx,0,6,0D,0D,00,00,00,00,00,00,
0,00000380,false,Rx,0,8,B0,80,00,76,20,00,00,FE,
0,00000380,false,Rx,0,8,B0,80,00,76,20,00,00,FE,
0,00000588,false,Rx,0,8,0B,00,72,00,00,80,00,00,
0,00000380,false,Rx,0,8,B0,80,00,76,20,00,00,FE,
0,00000380,false,Rx,0,8,B0,80,00,76,20,00,00,FE,
0,00000284,false,Rx,0,6,0F,0F,00,00,00,00,00,00,
0,00000380,false,Rx,0,8,B0,80,00,76,20,00,00,FE,
0,00000380,false,Rx,0,8,B0,80,00,76,20,00,00,FE,
0,00000588,false,Rx,0,8,0B,00,72,00,00,80,00,00,
0,00000380,false,Rx,0,8,B0,80,00,76,20,00,00,FE,
0,00000380,false,Rx,0,8,B0,80,00,76,20,00,00,FE,
0,00000284,false,Rx,0,6,01,01,00,00,00,00,00,00,
0,00000380,false,Rx,0,8,B0,80,00,76,20,00,00,FE,
0,00000380,false,Rx,0,8,B0,80,00,76,20,00,00,FE,
0,00000284,false,Rx,0,6,02,02,00,00,00,00,00,00,
0,00000380,false,Rx,0,8,B0,80,00,76,20,00,00,FE,
0,00000380,false,Rx,0,8,B0,80,00,76,20,00,00,FE,
0,00000284,false,Rx,0,6,03,03,00,00,00,00,00,00,
0,00000380,false,Rx,0,8,B0,80,00,76,20,00,00,FE,
0,00000380,false,Rx,0,8,B0,80,00,76,20,00,00,FE,
0,00000284,false,Rx,0,6,04,04,00,00,00,00,00,00,
0,00000380,false,Rx,0,8,B0,80,00,76,20,00,00,FE,
0,00000380,false,Rx,0,8,B0,80,00,76,20,00,00,FE,
0,00000284,false,Rx,0,6,05,05,00,00,00,00,00,00,
0,00000380,false,Rx,0,8,B0,80,00,76,20,00,00,FE,
0,00000380,false,Rx,0,8,B0,80,00,76,20,00,00,FE,
0,00000284,false,Rx,0,6,06,06,00,00,00,00,00,00,
0,00000380,false,Rx,0,8,B0,80,00,76,20,00,00,FE,
0,00000380,false,Rx,0,8,B0,80,00,76,20,00,00,FE,
0,00000284,false,Rx,0,6,07,07,00,00,00,00,00,00,
0,00000380,false,Rx,0,8,B0,80,00,76,20,00,00,FE,
0,00000380,false,Rx,0,8,B0,80,00,76,20,00,00,FE,
0,00000284,false,Rx,0,6,08,08,00,00,00,00,00,00,
0,00000380,false,Rx,0,8,B0,80,00,76,20,00,00,FE,
0,00000380,false,Rx,0,8,B0,80,00,76,20,00,00,FE,
0,00000284,false,Rx,0,6,09,09,00,00,00,00,00,00,
0,00000380,false,Rx,0,8,B0,80,00,76,20,00,00,FE,
0,00000380,false,Rx,0,8,B0,80,00,76,20,00,00,FE,
0,00000284,false,Rx,0,6,0A,0A,00,00,00,00,00,00,
0,00000380,false,Rx,0,8,B0,80,00,76,20,00,00,FE,
0,00000380,false,Rx,0,8,B0,80,00,76,20,00,00,FE,
0,00000284,false,Rx,0,6,0B,0B,00,00,00,00,00,00,
0,00000380,false,Rx,0,8,B0,80,00,76,20,00,00,FE,
0,00000380,false,Rx,0,8,B0,80,00,76,20,00,00,FE,
0,00000284,false,Rx,0,6,0C,0C,00,00,00,00,00,00,
0,00000380,false,Rx,0,8,B0,80,00,76,20,00,00,FE,
0,00000380,false,Rx,0,8,B0,80,00,76,20,00,00,FE,
0,00000284,false,Rx,0,6,0D,0D,00,00,00,00,00,00,
0,00000380,false,Rx,0,8,B0,80,00,76,20,00,00,FE,
0,00000380,false,Rx,0,8,B0,80,00,76,20,00,00,FE,
0,00000284,false,Rx,0,6,0E,0E,00,00,00,00,00,00,
0,00000380,false,Rx,0,8,B0,80,00,76,20,00,00,FE,
0,00000380,false,Rx,0,8,B0,80,00,76,20,00,00,FE,
0,00000284,false,Rx,0,6,0F,0F,00,00,00,00,00,00,
0,00000380,false,Rx,0,8,B0,80,00,76,20,00,00,FE,
0,00000380,false,Rx,0,8,B0,80,00,76,20,00,00,FE,
0,00000284,false,Rx,0,6,00,00,00,00,00,00,00,00,
0,00000380,false,Rx,0,8,B0,80,00,76,20,00,00,FE,
0,00000380,false,Rx,0,8,B0,80,00,76,20,00,00,FE,
0,00000284,false,Rx,0,6,01,01,00,00,00,00,00,00,
0,00000380,false,Rx,0,8,B0,80,00,76,20,00,00,FE,
0,00000380,false,Rx,0,8,B0,80,00,76,20,00,00,FE,
0,00000284,false,Rx,0,6,02,02,00,00,00,00,00,00,
0,00000380,false,Rx,0,8,B0,80,00,76,20,00,00,FE,
0,00000380,false,Rx,0,8,B0,80,00,76,20,00,00,FE,
0,00000588,false,Rx,0,8,0B,00,72,00,00,80,00,00,
0,00000380,false,Rx,0,8,B0,80,00,76,20,00,00,FE,
0,00000380,false,Rx,0,8,B0,80,00,76,20,00,00,FE,
0,00000284,false,Rx,0,6,04,04,00,00,00,00,00,00,
0,00000380,false,Rx,0,8,B0,80,00,76,20,00,00,FE,
0,00000380,false,Rx,0,8,B0,80,00,76,20,00,00,FE,
0,00000284,false,Rx,0,6,05,05,00,00,00,00,00,00,
0,00000380,false,Rx,0,8,B0,80,00,76,20,00,00,FE,
0,00000380,false,Rx,0,8,B0,80,00,76,20,00,00,FE,
0,00000284,false,Rx,0,6,06,06,00,00,00,00,00,00,
0,00000380,false,Rx,0,8,B0,80,00,76,20,00,00,FE,
0,00000380,false,Rx,0,8,B0,80,00,76,20,00,00,FE,
0,00000284,false,Rx,0,6,07,07,00,00,00,00,00,00,
0,00000380,false,Rx,0,8,B0,80,00,76,20,00,00,FE,
0,00000380,false,Rx,0,8,B0,80,00,76,20,00,00,FE,
0,00000284,false,Rx,0,6,08,08,00,00,00,00,00,00,
0,00000380,false,Rx,0,8,B0,80,00,76,20,00,00,FE,
0,00000380,false,Rx,0,8,B0,80,00,76,20,00,00,FE,
0,00000284,false,Rx,0,6,09,09,00,00,00,00,00,00,
0,00000380,false,Rx,0,8,B0,80,00,76,20,00,00,FE,
0,00000380,false,Rx,0,8,B0,80,00,76,20,00,00,FE,
0,00000284,false,Rx,0,6,0A,0A,00,00,00,00,00,00,
0,00000380,false,Rx,0,8,B0,80,00,76,20,00,00,FE,
0,00000380,false,Rx,0,8,B0,80,00,76,20,00,00,FE,
0,00000284,false,Rx,0,6,0B,0B,00,00,00,00,00,00,
0,00000380,false,Rx,0,8,B0,80,00,76,20,00,00,FE,
0,00000380,false,Rx,0,8,B0,80,00,76,20,00,00,FE,
0,00000284,false,Rx,0,6,0C,0C,00,00,00,00,00,00,
0,00000380,false,Rx,0,8,B0,80,00,76,20,00,00,FE,
0,00000380,false,Rx,0,8,B0,80,00,76,20,00,00,FE,
0,00000284,false,Rx,0,6,0D,0D,00,00,00,00,00,00,
0,00000380,false,Rx,0,8,B0,80,00,76,20,00,00,FE,
0,00000380,false,Rx,0,8,B0,80,00,76,20,00,00,FE,
0,00000284,false,Rx,0,6,0E,0E,00,00,00,00,00,00,
0,00000380,false,Rx,0,8,B0,80,00,76,20,00,00,FE,
0,00000380,false,Rx,0,8,B0,80,00,76,20,00,00,FE,
0,00000588,false,Rx,0,8,0B,00,72,00,00,80,00,00,
0,00000380,false,Rx,0,8,B0,80,00,76,20,00,00,FE,
0,00000380,false,Rx,0,8,B0,80,00,76,20,00,00,FE,
0,00000284,false,Rx,0,6,00,00,00,00,00,00,00,00,
0,00000380,false,Rx,0,8,B0,80,00,76,20,00,00,FE,
0,00000380,false,Rx,0,8,B0,80,00,76,20,00,00,FE,
0,00000284,false,Rx,0,6,01,01,00,00,00,00,00,00,
0,00000380,false,Rx,0,8,B0,80,00,76,20,00,00,FE,
0,00000380,false,Rx,0,8,B0,80,00,76,20,00,00,FE,
0,00000284,false,Rx,0,6,02,02,00,00,00,00,00,00,
0,00000380,false,Rx,0,8,B0,80,00,76,20,00,00,FE,
0,00000380,false,Rx,0,8,B0,80,00,76,20,00,00,FE,
0,00000284,false,Rx,0,6,03,03,00,00,00,00,00,00,
0,00000380,false,Rx,0,8,B0,80,00,76,20,00,00,FE,
0,00000380,false,Rx,0,8,B0,80,00,76,20,00,00,FE,
0,00000284,false,Rx,0,6,04,04,00,00,00,00,00,00,
0,00000380,false,Rx,0,8,B0,80,00,76,20,00,00,FE,
0,00000380,false,Rx,0,8,B0,80,00,76,20,00,00,FE,
0,00000284,false,Rx,0,6,05,05,00,00,00,00,00,00,
0,00000380,false,Rx,0,8,B0,80,00,76,20,00,00,FE,
0,00000380,false,Rx,0,8,B0,80,00,76,20,00,00,FE,
0,00000284,false,Rx,0,6,06,06,00,00,00,00,00,00,
0,00000380,false,Rx,0,8,B0,80,00,76,20,00,00,FE,
0,00000380,false,Rx,0,8,B0,80,00,76,20,00,00,FE,
0,00000284,false,Rx,0,6,07,07,00,00,00,00,00,00,
0,00000380,false,Rx,0,8,B0,80,00,76,20,00,00,FE,
0,00000380,false,Rx,0,8,B0,80,00,76,20,00,00,FE,
0,00000284,false,Rx,0,6,08,08,00,00,00,00,00,00,
0,00000380,false,Rx,0,8,B0,80,00,76,20,00,00,FE,
0,00000380,false,Rx,0,8,B0,80,00,76,20,00,00,FE,
0,00000588,false,Rx,0,8,0B,00,72,00,00,80,00,00,
0,00000380,false,Rx,0,8,B0,80,00,76,20,00,00,FE,
0,00000380,false,Rx,0,8,B0,80,00,76,20,00,00,FE,
0,00000284,false,Rx,0,6,0A,0A,00,00,00,00,00,00,
0,00000380,false,Rx,0,8,B0,80,00,76,20,00,00,FE,
0,00000380,false,Rx,0,8,B0,80,00,76,20,00,00,FE,
0,00000588,false,Rx,0,8,0B,00,72,00,00,80,00,00,
0,00000380,false,Rx,0,8,B0,80,00,76,20,00,00,FE,
0,00000380,false,Rx,0,8,B0,80,00,76,20,00,00,FE,
0,00000284,false,Rx,0,6,0C,0C,00,00,00,00,00,00,
0,00000380,false,Rx,0,8,B0,80,00,76,20,00,00,FE,
0,00000380,false,Rx,0,8,B0,80,00,76,20,00,00,FE,
0,00000588,false,Rx,0,8,0B,00,72,00,00,80,00,00,
0,00000380,false,Rx,0,8,B0,80,00,76,20,00,00,FE,
0,00000380,false,Rx,0,8,B0,80,00,76,20,00,00,FE,
0,00000284,false,Rx,0,6,0E,0E,00,00,00,00,00,00,
0,00000380,false,Rx,0,8,B0,80,00,76,20,00,00,FE,
0,00000380,false,Rx,0,8,B0,80,00,76,20,00,00,FE,
0,00000588,false,Rx,0,8,0B,00,72,00,00,80,00,00,
0,00000380,false,Rx,0,8,B0,80,00,76,20,00,00,FE,
0,00000380,false,Rx,0,8,B0,80,00,76,20,00,00,FE,
0,00000588,false,Rx,0,8,0B,00,72,00,00,80,00,00,
0,00000380,false,Rx,0,8,B0,80,00,76,20,00,00,FE,
0,00000380,false,Rx,0,8,B0,80,00,76,20,00,00,FE,
344000,00000588,false,Rx,0,8,0B,00,72,00,00,80,00,00,
0,00000380,false,Rx,0,8,B0,80,00,76,20,00,00,FE,
0,00000380,false,Rx,0,8,B0,80,00,76,20,00,00,FE,
0,00000588,false,Rx,0,8,0B,00,72,00,00,80,00,00,
0,00000380,false,Rx,0,8,B0,80,00,76,20,00,00,FE,
0,00000380,false,Rx,0,8,B0,80,00,76,20,00,00,FE,
0,00000588,false,Rx,0,8,0B,00,72,00,00,80,00,00,
0,00000380,false,Rx,0,8,B0,80,00,76,20,00,00,FE,
0,00000380,false,Rx,0,8,B0,80,00,76,20,00,00,FE,
0,00000588,false,Rx,0,8,0B,00,72,00,00,80,00,00,
0,00000380,false,Rx,0,8,B0,80,00,76,20,00,00,FE,
0,00000380,false,Rx,0,8,B0,80,00,76,20,00,00,FE,
0,00000588,false,Rx,0,8,0B,00,72,00,00,80,00,00,
0,00000380,false,Rx,0,8,B0,80,00,76,20,00,00,FE,
0,00000380,false,Rx,0,8,B0,80,00,76,20,00,00,FE,
0,00000588,false,Rx,0,8,0B,00,72,00,00,80,00,00,
0,00000380,false,Rx,0,8,B0,80,00,76,20,00,00,FE,
0,00000380,false,Rx,0,8,B0,80,00,76,20,00,00,FE,
0,00000588,false,Rx,0,8,0B,00,72,00,00,80,00,00,
0,00000380,false,Rx,0,8,B0,80,00,76,20,00,00,FE,
0,00000380,false,Rx,0,8,B0,80,00,76,20,00,00,FE,
487000,00000588,false,Rx,0,8,0B,00,72,00,00,80,00,00,
0,00000380,false,Rx,0,8,B0,80,00,76,20,00,00,FE,
0,00000380,false,Rx,0,8,B0,80,00,76,20,00,00,FE,
0,00000588,false,Rx,0,8,0B,00,72,00,00,80,00,00,
0,00000380,false,Rx,0,8,B0,80,00,76,20,00,00,FE,
0,00000380,false,Rx,0,8,B0,80,00,76,20,00,00,FE,
524000,00000588,false,Rx,0,8,0B,00,72,00,00,80,00,00,
0,00000380,false,Rx,0,8,B0,80,00,76,20,00,00,FE,
0,00000380,false,Rx,0,8,B0,80,00,76,20,00,00,FE,
0,00000588,false,Rx,0,8,0B,00,72,00,00,80,00,00,
0,00000380,false,Rx,0,8,B0,80,00,76,20,00,00,FE,
0,00000380,false,Rx,0,8,B0,80,00,76,20,00,00,FE,
0,00000588,false,Rx,0,8,0B,00,72,00,00,80,00,00,
0,00000380,false,Rx,0,8,B0,80,00,76,20,00,00,FE,
0,00000380,false,Rx,0,8,B0,80,00,76,20,00,00,FE,
0,00000588,false,Rx,0,8,0B,00,72,00,00,80,00,00,
0,00000380,false,Rx,0,8,B0,80,00,76,20,00,00,FE,
0,00000380,false,Rx,0,8,B0,80,00,76,20,00,00,FE,
0,00000588,false,Rx,0,8,0B,00,72,00,00,80,00,00,
0,00000380,false,Rx,0,8,B0,80,00,76,20,00,00,FE,
0,00000380,false,Rx,0,8,B0,80,00,76,20,00,00,FE,
0,00000588,false,Rx,0,8,0B,00,72,00,00,80,00,00,
0,00000380,false,Rx,0,8,B0,80,00,76,20,00,00,FE,
0,00000380,false,Rx,0,8,B0,80,00,76,20,00,00,FE,
0,00000588,false,Rx,0,8,0B,00,72,00,00,80,00,00,
0,00000380,false,Rx,0,8,B0,80,00,76,20,00,00,FE,
0,00000380,false,Rx,0,8,B0,80,00,76,20,00,00,FE,
668000,00000588,false,Rx,0,8,0B,00,72,00,00,80,00,00,
0,00000380,false,Rx,0,8,B0,80,00,76,20,00,00,FE,
0,00000380,false,Rx,0,8,B0,80,00,76,20,00,00,FE,
0,00000588,false,Rx,0,8,0B,00,72,00,00,80,00,00,
0,00000380,false,Rx,0,8,B0,80,00,76,20,00,00,FE,
0,00000380,false,Rx,0,8,B0,80,00,76,20,00,00,FE,
704000,00000588,false,Rx,0,8,0B,00,72,00,00,80,00,00,
0,00000380,false,Rx,0,8,B0,80,00,76,20,00,00,FE,
0,00000380,false,Rx,0,8,B0,80,00,76,20,00,00,FE,
0,00000588,false,Rx,0,8,0B,00,72,00,00,80,00,00,
0,00000380,false,Rx,0,8,B0,80,00,76,20,00,00,FE,
0,00000380,false,Rx,0,8,B0,80,00,76,20,00,00,FE,
0,00000588,false,Rx,0,8,0B,00,72,00,00,80,00,00,
0,00000380,false,Rx,0,8,B0,80,00,76,20,00,00,FE,
0,00000380,false,Rx,0,8,B0,80,00,76,20,00,00,FE,
0,00000588,false,Rx,0,8,0B,00,72,00,00,80,00,00,
0,00000380,false,Rx,0,8,B0,80,00,76,20,00,00,FE,
0,00000380,false,Rx,0,8,B0,80,00,76,20,00,00,FE,
0,00000588,false,Rx,0,8,0B,00,72,00,00,80,00,00,
0,00000380,false,Rx,0,8,B0,80,00,76,20,00,00,FE,
0,00000380,false,Rx,0,8,B0,80,00,76,20,00,00,FE,
0,00000588,false,Rx,0,8,0B,00,72,00,00,80,00,00,
0,00000380,false,Rx,0,8,B0,80,00,76,20,00,00,FE,
0,00000380,false,Rx,0,8,B0,80,00,76,20,00,00,FE,
0,00000588,false,Rx,0,8,0B,00,72,00,00,80,00,00,
0,00000380,false,Rx,0,8,B0,80,00,76,20,00,00,FE,
0,00000380,false,Rx,0,8,B0,80,00,76,20,00,00,FE,
0,00000588,false,Rx,0,8,0B,00,72,00,00,80,00,00,
0,00000380,false,Rx,0,8,B0,80,00,76,20,00,00,FE,
0,00000380,false,Rx,0,8,B0,80,00,76,20,00,00,FE,
868000,00000588,false,Rx,0,8,0B,00,72,00,00,80,00,00,
0,00000380,false,Rx,0,8,B0,80,00,76,20,00,00,FE,
0,00000380,false,Rx,0,8,B0,80,00,76,20,00,00,FE,
0,00000588,false,Rx,0,8,0B,00,72,00,00,80,00,00,
0,00000380,false,Rx,0,8,B0,80,00,76,20,00,00,FE,
0,00000380,false,Rx,0,8,B0,80,00,76,20,00,00,FE,
905000,00000588,false,Rx,0,8,0B,00,72,00,00,80,00,00,
0,00000380,false,Rx,0,8,B0,80,00,76,20,00,00,FE,
0,00000380,false,Rx,0,8,B0,80,00,76,20,00,00,FE,
0,00000588,false,Rx,0,8,0B,00,72,00,00,80,00,00,
0,00000380,false,Rx,0,8,B0,80,00,76,20,00,00,FE,
0,00000380,false,Rx,0,8,B0,80,00,76,20,00,00,FE,
0,00000588,false,Rx,0,8,0B,00,72,00,00,80,00,00,
0,00000380,false,Rx,0,8,B0,80,00,76,20,00,00,FE,
0,00000380,false,Rx,0,8,B0,80,00,76,20,00,00,FE,
0,00000588,false,Rx,0,8,0B,00,72,00,00,80,00,00,
0,00000380,false,Rx,0,8,B0,80,00,76,20,00,00,FE,
0,00000380,false,Rx,0,8,B0,80,00,76,20,00,00,FE,
0,00000588,false,Rx,0,8,0B,00,72,00,00,80,00,00,
0,00000380,false,Rx,0,8,B0,80,00,76,20,00,00,FE,
0,00000380,false,Rx,0,8,B0,80,00,76,20,00,00,FE,
0,00000588,false,Rx,0,8,0B,00,72,00,00,80,00,00,
0,00000380,false,Rx,0,8,B0,80,00,76,20,00,00,FE,
0,00000380,false,Rx,0,8,B0,80,00,76,20,00,00,FE,
0,00000588,false,Rx,0,8,0B,00,72,00,00,80,00,00,
0,00000380,false,Rx,0,8,B0,80,00,76,20,00,00,FE,
0,00000380,false,Rx,0,8,B0,80,00,76,20,00,00,FE,
49000,00000588,false,Rx,0,8,0B,00,72,00,00,80,00,00,
0,00000380,false,Rx,0,8,B0,80,00,76,20,00,00,FE,
0,00000380,false,Rx,0,8,B0,80,00,76,20,00,00,FE,
0,00000588,false,Rx,0,8,0B,00,72,00,00,80,00,00,
0,00000380,false,Rx,0,8,B0,80,00,76,20,00,00,FE,
0,00000380,false,Rx,0,8,B0,80,00,76,20,00,00,FE,
85000,00000588,false,Rx,0,8,0B,00,72,00,00,80,00,00,
0,00000380,false,Rx,0,8,B0,80,00,76,20,00,00,FE,
0,00000380,false,Rx,0,8,B0,80,00,76,20,00,00,FE,
0,00000588,false,Rx,0,8,0B,00,72,00,00,80,00,00,
0,00000380,false,Rx,0,8,B0,80,00,76,20,00,00,FE,
0,00000380,false,Rx,0,8,B0,80,00,76,20,00,00,FE,
0,00000588,false,Rx,0,8,0B,00,72,00,00,80,00,00,
0,00000380,false,Rx,0,8,B0,80,00,76,20,00,00,FE,
0,00000380,false,Rx,0,8,B0,80,00,76,20,00,00,FE,
0,00000588,false,Rx,0,8,0B,00,72,00,00,80,00,00,
0,00000380,false,Rx,0,8,B0,80,00,76,20,00,00,FE,
0,00000380,false,Rx,0,8,B0,80,00,76,20,00,00,FE,
0,00000588,false,Rx,0,8,0B,00,72,00,00,80,00,00,
0,00000380,false,Rx,0,8,B0,80,00,76,20,00,00,FE,
0,00000380,false,Rx,0,8,B0,80,00,76,20,00,00,FE,
0,00000588,false,Rx,0,8,0B,00,72,00,00,80,00,00,
0,00000380,false,Rx,0,8,B0,80,00,76,20,00,00,FE,
0,00000380,false,Rx,0,8,B0,80,00,76,20,00,00,FE,
0,00000588,false,Rx,0,8,0B,00,72,00,00,80,00,00,
0,00000380,false,Rx,0,8,B0,80,00,76,20,00,00,FE,
0,00000380,false,Rx,0,8,B0,80,00,76,20,00,00,FE,
229000,00000588,false,Rx,0,8,0B,00,72,00,00,80,00,00,
0,00000380,false,Rx,0,8,B0,80,00,76,20,00,00,FE,
0,00000380,false,Rx,0,8,B0,80,00,76,20,00,00,FE,
0,00000588,false,Rx,0,8,0B,00,72,00,00,80,00,00,
0,00000380,false,Rx,0,8,B0,80,00,76,20,00,00,FE,
0,00000380,false,Rx,0,8,B0,80,00,76,20,00,00,FE,
0,00000588,false,Rx,0,8,0B,00,72,00,00,80,00,00,
0,00000380,false,Rx,0,8,B0,80,00,76,20,00,00,FE,
0,00000380,false,Rx,0,8,B0,80,00,76,20,00,00,FE,
286000,00000588,false,Rx,0,8,0B,00,72,00,00,80,00,00,
0,00000380,false,Rx,0,8,B0,80,00,76,20,00,00,FE,
0,00000380,false,Rx,0,8,B0,80,00,76,20,00,00,FE,
0,00000588,false,Rx,0,8,0B,00,72,00,00,80,00,00,
0,00000380,false,Rx,0,8,B0,80,00,76,20,00,00,FE,
0,00000380,false,Rx,0,8,B0,80,00,76,20,00,00,FE,
0,00000588,false,Rx,0,8,0B,00,72,00,00,80,00,00,
0,00000380,false,Rx,0,8,B0,80,00,76,20,00,00,FE,
0,00000380,false,Rx,0,8,B0,80,00,76,20,00,00,FE,
0,00000588,false,Rx,0,8,0B,00,72,00,00,80,00,00,
0,00000380,false,Rx,0,8,B0,80,00,76,20,00,00,FE,
0,00000380,false,Rx,0,8,B0,80,00,76,20,00,00,FE,
0,00000588,false,Rx,0,8,0B,00,72,00,00,80,00,00,
0,00000380,false,Rx,0,8,B0,80,00,76,20,00,00,FE,
0,00000380,false,Rx,0,8,B0,80,00,76,20,00,00,FE,
0,00000588,false,Rx,0,8,0B,00,72,00,00,80,00,00,
0,00000380,false,Rx,0,8,B0,80,00,76,20,00,00,FE,
0,00000380,false,Rx,0,8,B0,80,00,76,20,00,00,FE,
0,00000588,false,Rx,0,8,0B,00,72,00,00,80,00,00,
0,00000380,false,Rx,0,8,B0,80,00,76,20,00,00,FE,
0,00000380,false,Rx,0,8,B0,80,00,76,20,00,00,FE,
429000,00000588,false,Rx,0,8,0B,00,72,00,00,80,00,00,
0,00000380,false,Rx,0,8,B0,80,00,76,20,00,00,FE,
0,00000380,false,Rx,0,8,B0,80,00,76,20,00,00,FE,
0,00000588,false,Rx,0,8,0B,00,72,00,00,80,00,00,
0,00000380,false,Rx,0,8,B0,80,00,76,20,00,00,FE,
0,00000380,false,Rx,0,8,B0,80,00,76,20,00,00,FE,
466000,00000588,false,Rx,0,8,0B,00,72,00,00,80,00,00,
0,00000380,false,Rx,0,8,B0,80,00,76,20,00,00,FE,
0,00000380,false,Rx,0,8,B0,80,00,76,20,00,00,FE,
0,00000588,false,Rx,0,8,0B,00,72,00,00,80,00,00,
0,00000380,false,Rx,0,8,B0,80,00,76,20,00,00,FE,
0,00000380,false,Rx,0,8,B0,80,00,76,20,00,00,FE,
0,00000588,false,Rx,0,8,0B,00,72,00,00,80,00,00,
0,00000380,false,Rx,0,8,B0,80,00,76,20,00,00,FE,
0,00000380,false,Rx,0,8,B0,80,00,76,20,00,00,FE,
0,00000588,false,Rx,0,8,0B,00,72,00,00,80,00,00,
0,00000380,false,Rx,0,8,B0,80,00,76,20,00,00,FE,
0,00000380,false,Rx,0,8,B0,80,00,76,20,00,00,FE,
0,00000588,false,Rx,0,8,0B,00,72,00,00,80,00,00,
0,00000380,false,Rx,0,8,B0,80,00,76,20,00,00,FE,
0,00000380,false,Rx,0,8,B0,80,00,76,20,00,00,FE,
0,00000588,false,Rx,0,8,0B,00,72,00,00,80,00,00,
0,00000380,false,Rx,0,8,B0,80,00,76,20,00,00,FE,
0,00000380,false,Rx,0,8,B0,80,00,76,20,00,00,FE,
0,00000588,false,Rx,0,8,0B,00,72,00,00,80,00,00,
0,00000380,false,Rx,0,8,B0,80,00,76,20,00,00,FE,
0,00000380,false,Rx,0,8,B0,80,00,76,20,00,00,FE,
610000,00000588,false,Rx,0,8,0B,00,72,00,00,80,00,00,
0,00000380,false,Rx,0,8,B0,80,00,76,20,00,00,FE,
0,00000380,false,Rx,0,8,B0,80,00,76,20,00,00,FE,
0,00000588,false,Rx,0,8,0B,00,72,00,00,80,00,00,
0,00000380,false,Rx,0,8,B0,80,00,76,20,00,00,FE,
0,00000380,false,Rx,0,8,B0,80,00,76,20,00,00,FE,
646000,00000588,false,Rx,0,8,0B,00,72,00,00,80,00,00,
0,00000380,false,Rx,0,8,B0,80,00,76,20,00,00,FE,
0,00000380,false,Rx,0,8,B0,80,00,76,20,00,00,FE,
667000,00000588,false,Rx,0,8,0B,00,72,00,00,80,00,00,
0,00000380,false,Rx,0,8,B0,80,00,76,20,00,00,FE,
0,00000380,false,Rx,0,8,B0,80,00,76,20,00,00,FE,
0,00000588,false,Rx,0,8,0B,00,72,00,00,80,00,00,
0,00000380,false,Rx,0,8,B0,80,00,76,20,00,00,FE,
0,00000380,false,Rx,0,8,B0,80,00,76,20,00,00,FE,
0,00000588,false,Rx,0,8,0B,00,72,00,00,80,00,00,
0,00000380,false,Rx,0,8,B0,80,00,76,20,00,00,FE,
0,00000380,false,Rx,0,8,B0,80,00,76,20,00,00,FE,
0,00000588,false,Rx,0,8,0B,00,72,00,00,80,00,00,
0,00000380,false,Rx,0,8,B0,80,00,76,20,00,00,FE,
0,00000380,false,Rx,0,8,B0,80,00,76,20,00,00,FE,
0,00000588,false,Rx,0,8,0B,00,72,00,00,80,00,00,
0,00000380,false,Rx,0,8,B0,80,00,76,20,00,00,FE,
0,00000380,false,Rx,0,8,B0,80,00,76,20,00,00,FE,
0,00000588,false,Rx,0,8,0B,00,72,00,00,80,00,00,
0,00000380,false,Rx,0,8,B0,80,00,76,20,00,00,FE,
0,00000380,false,Rx,0,8,B0,80,00,76,20,00,00,FE,
0,00000588,false,Rx,0,8,0B,00,72,00,00,80,00,00,
0,00000380,false,Rx,0,8,B0,80,00,76,20,00,00,FE,
0,00000380,false,Rx,0,8,B0,80,00,76,20,00,00,FE,
810000,00000588,false,Rx,0,8,0B,00,72,00,00,80,00,00,
0,00000380,false,Rx,0,8,B0,80,00,76,20,00,00,FE,
0,00000380,false,Rx,0,8,B0,80,00,76,20,00,00,FE,
0,00000588,false,Rx,0,8,0B,00,72,00,00,80,00,00,
0,00000380,false,Rx,0,8,B0,80,00,76,20,00,00,FE,
0,00000380,false,Rx,0,8,B0,80,00,76,20,00,00,FE,
847000,00000588,false,Rx,0,8,0B,00,72,00,00,80,00,00,
0,00000380,false,Rx,0,8,B0,80,00,76,20,00,00,FE,
0,00000380,false,Rx,0,8,B0,80,00,76,20,00,00,FE,
0,00000588,false,Rx,0,8,0B,00,72,00,00,80,00,00,
0,00000380,false,Rx,0,8,B0,80,00,76,20,00,00,FE,
0,00000380,false,Rx,0,8,B0,80,00,76,20,00,00,FE,
0,00000588,false,Rx,0,8,0B,00,72,00,00,80,00,00,
0,00000380,false,Rx,0,8,B0,80,00,76,20,00,00,FE,
0,00000380,false,Rx,0,8,B0,80,00,76,20,00,00,FE,
0,00000588,false,Rx,0,8,0B,00,72,00,00,80,00,00,
0,00000380,false,Rx,0,8,B0,80,00,76,20,00,00,FE,
0,00000380,false,Rx,0,8,B0,80,00,76,20,00,00,FE,
0,00000588,false,Rx,0,8,0B,00,72,00,00,80,00,00,
0,00000380,false,Rx,0,8,B0,80,00,76,20,00,00,FE,
0,00000380,false,Rx,0,8,B0,80,00,76,20,00,00,FE,
0,00000588,false,Rx,0,8,0B,00,72,00,00,80,00,00,
0,00000380,false,Rx,0,8,B0,80,00,76,20,00,00,FE,
0,00000380,false,Rx,0,8,B0,80,00,76,20,00,00,FE,
0,00000588,false,Rx,0,8,0B,00,72,00,00,80,00,00,
0,00000380,false,Rx,0,8,B0,80,00,76,20,00,00,FE,
0,00000380,false,Rx,0,8,B0,80,00,76,20,00,00,FE,
991000,00000588,false,Rx,0,8,0B,00,72,00,00,80,00,00,
0,00000380,false,Rx,0,8,B0,80,00,76,20,00,00,FE,
0,00000380,false,Rx,0,8,B0,80,00,76,20,00,00,FE,
0,00000588,false,Rx,0,8,0B,00,72,00,00,80,00,00,
0,00000380,false,Rx,0,8,B0,80,00,76,20,00,00,FE,
0,00000380,false,Rx,0,8,B0,80,00,76,20,00,00,FE,
27000,00000588,false,Rx,0,8,0B,00,72,00,00,80,00,00,
0,00000380,false,Rx,0,8,B0,80,00,76,20,00,00,FE,
0,00000380,false,Rx,0,8,B0,80,00,76,20,00,00,FE,
0,00000588,false,Rx,0,8,0B,00,72,00,00,80,00,00,
0,00000380,false,Rx,0,8,B0,80,00,76,20,00,00,FE,
0,00000380,false,Rx,0,8,B0,80,00,76,20,00,00,FE,
0,00000588,false,Rx,0,8,0B,00,72,00,00,80,00,00,
0,00000380,false,Rx,0,8,B0,80,00,76,20,00,00,FE,
0,00000380,false,Rx,0,8,B0,80,00,76,20,00,00,FE,
0,00000588,false,Rx,0,8,0B,00,72,00,00,80,00,00,
0,00000380,false,Rx,0,8,B0,80,00,76,20,00,00,FE,
0,00000380,false,Rx,0,8,B0,80,00,76,20,00,00,FE,
0,00000588,false,Rx,0,8,0B,00,72,00,00,80,00,00,
0,00000380,false,Rx,0,8,B0,80,00,76,20,00,00,FE,
0,00000380,false,Rx,0,8,B0,80,00,76,20,00,00,FE,
0,00000588,false,Rx,0,8,0B,00,72,00,00,80,00,00,
0,00000380,false,Rx,0,8,B0,80,00,76,20,00,00,FE,
0,00000380,false,Rx,0,8,B0,80,00,76,20,00,00,FE,
0,00000588,false,Rx,0,8,0B,00,72,00,00,80,00,00,
0,00000380,false,Rx,0,8,B0,80,00,76,20,00,00,FE,
0,00000380,false,Rx,0,8,B0,80,00,76,20,00,00,FE,
0,00000588,false,Rx,0,8,0B,00,72,00,00,80,00,00,
0,00000380,false,Rx,0,8,B0,80,00,76,20,00,00,FE,
0,00000380,false,Rx,0,8,B0,80,00,76,20,00,00,FE,
0,00000588,false,Rx,0,8,0B,00,72,00,00,80,00,00,
0,00000380,false,Rx,0,8,B0,80,00,76,20,00,00,FE,
0,00000380,false,Rx,0,8,B0,80,00,76,20,00,00,FE,
0,00000588,false,Rx,0,8,0B,00,72,00,00,80,00,00,
0,00000380,false,Rx,0,8,B0,80,00,76,20,00,00,FE,
0,00000380,false,Rx,0,8,B0,80,00,76,20,00,00,FE,
228000,00000588,false,Rx,0,8,0B,00,72,00,00,80,00,00,
0,00000380,false,Rx,0,8,B0,80,00,76,20,00,00,FE,
0,00000380,false,Rx,0,8,B0,80,00,76,20,00,00,FE,
0,00000588,false,Rx,0,8,0B,00,72,00,00,80,00,00,
0,00000380,false,Rx,0,8,B0,80,00,76,20,00,00,FE,
0,00000380,false,Rx,0,8,B0,80,00,76,20,00,00,FE,
0,00000588,false,Rx,0,8,0B,00,72,00,00,80,00,00,
0,00000288,false,Rx,0,8,2C,5B,D5,00,00,6B,57,8C,
0,00000488,false,Rx,0,8,BF,23,00,72,FE,FF,FF,10,
0,00000380,false,Rx,0,8,B0,80,00,76,20,00,00,FE,
0,00000588,false,Rx,0,8,0B,00,72,00,00,80,00,00,
0,00000380,false,Rx,0,8,B0,80,00,76,20,00,00,FE,
0,00000380,false,Rx,0,8,B0,80,00,76,20,00,00,FE,
0,00000588,false,Rx,0,8,0B,00,72,00,00,80,00,00,
0,00000380,false,Rx,0,8,B0,80,00,76,20,00,00,FE,
0,00000380,false,Rx,0,8,B0,80,00,76,20,00,00,FE,
0,00000588,false,Rx,0,8,0B,00,72,00,00,80,00,00,
0,00000380,false,Rx,0,8,B0,80,00,76,20,00,00,FE,
0,00000380,false,Rx,0,8,B0,80,00,76,20,00,00,FE,
0,00000588,false,Rx,0,8,0B,00,72,00,00,80,00,00,
0,00000380,false,Rx,0,8,B0,80,00,76,20,00,00,FE,
0,00000380,false,Rx,0,8,B0,80,00,76,20,00,00,FE,
371000,00000588,false,Rx,0,8,0B,00,72,00,00,80,00,00,
0,00000380,false,Rx,0,8,B0,80,00,76,20,00,00,FE,
0,00000380,false,Rx,0,8,B0,80,00,76,20,00,00,FE,
0,00000588,false,Rx,0,8,0B,00,72,00,00,80,00,00,
0,00000380,false,Rx,0,8,B0,80,00,76,20,00,00,FE,
0,00000380,false,Rx,0,8,B0,80,00,76,20,00,00,FE,
408000,00000588,false,Rx,0,8,0B,00,72,00,00,80,00,00,
0,00000380,false,Rx,0,8,B0,80,00,76,20,00,00,FE,
0,00000380,false,Rx,0,8,B0,80,00,76,20,00,00,FE,
0,00000284,false,Rx,0,6,09,09,00,00,00,00,00,00,
0,00000380,false,Rx,0,8,B0,80,00,76,20,00,00,FE,
0,00000380,false,Rx,0,8,B0,80,00,76,20,00,00,FE,
0,00000588,false,Rx,0,8,0B,00,72,00,00,80,00,00,
0,00000380,false,Rx,0,8,B0,80,00,76,20,00,00,FE,
0,00000380,false,Rx,0,8,B0,80,00,76,20,00,00,FE,
0,00000588,false,Rx,0,8,0B,00,72,00,00,80,00,00,
0,00000380,false,Rx,0,8,B0,80,00,76,20,00,00,FE,
0,00000380,false,Rx,0,8,B0,80,00,76,20,00,00,FE,
0,00000588,false,Rx,0,8,0B,00,72,00,00,80,00,00,
0,00000380,false,Rx,0,8,B0,80,00,76,20,00,00,FE,
0,00000288,false,Rx,0,8,8A,5B,D5,00,00,6B,57,8C,
0,00000488,false,Rx,0,8,2F,23,00,72,FE,FF,FF,80,
0,00000588,false,Rx,0,8,0B,00,72,00,00,80,00,00,
0,00000380,false,Rx,0,8,B0,80,00,76,20,00,00,FE,
0,00000380,false,Rx,0,8,B0,80,00,76,20,00,00,FE,
0,00000588,false,Rx,0,8,0B,00,72,00,00,80,00,00,
0,00000380,false,Rx,0,8,B0,80,00,76,20,00,00,FE,
0,00000380,false,Rx,0,8,B0,80,00,76,20,00,00,FE,
552000,00000588,false,Rx,0,8,0B,00,72,00,00,80,00,00,
0,00000380,false,Rx,0,8,B0,80,00,76,20,00,00,FE,
0,00000380,false,Rx,0,8,B0,80,00,76,20,00,00,FE,
0,00000588,false,Rx,0,8,0B,00,72,00,00,80,00,00,
0,00000380,false,Rx,0,8,B0,80,00,76,20,00,00,FE,
0,00000380,false,Rx,0,8,B0,80,00,76,20,00,00,FE,
0,00000588,false,Rx,0,8,0B,00,72,00,00,80,00,00,
0,00000380,false,Rx,0,8,B0,80,00,76,20,00,00,FE,
0,00000380,false,Rx,0,8,B0,80,00,76,20,00,00,FE,
609000,00000588,false,Rx,0,8,0B,00,72,00,00,80,00,00,
0,00000380,false,Rx,0,8,B0,80,00,76,20,00,00,FE,
0,00000380,false,Rx,0,8,B0,80,00,76,20,00,00,FE,
0,00000588,false,Rx,0,8,0B,00,72,00,00,80,00,00,
0,00000380,false,Rx,0,8,B0,80,00,76,20,00,00,FE,
0,00000380,false,Rx,0,8,B0,80,00,76,20,00,00,FE,
0,00000588,false,Rx,0,8,0B,00,72,00,00,80,00,00,
0,00000380,false,Rx,0,8,B0,80,00,76,20,00,00,FE,
0,00000380,false,Rx,0,8,B0,80,00,76,20,00,00,FE,
0,00000588,false,Rx,0,8,0B,00,72,00,00,80,00,00,
0,00000380,false,Rx,0,8,B0,80,00,76,20,00,00,FE,
0,00000380,false,Rx,0,8,B0,80,00,76,20,00,00,FE,
0,00000588,false,Rx,0,8,0B,00,72,00,00,80,00,00,
0,00000380,false,Rx,0,8,B0,80,00,76,20,00,00,FE,
0,00000380,false,Rx,0,8,B0,80,00,76,20,00,00,FE,
0,00000588,false,Rx,0,8,0B,00,72,00,00,80,00,00,
0,00000380,false,Rx,0,8,B0,80,00,76,20,00,00,FE,
0,00000380,false,Rx,0,8,B0,80,00,76,20,00,00,FE,
0,00000588,false,Rx,0,8,0B,00,72,00,00,80,00,00,
0,00000288,false,Rx,0,8,E8,5B,D5,00,00,6B,57,8C,
0,00000380,false,Rx,0,8,B0,80,00,76,20,00,00,FE,
752000,00000588,false,Rx,0,8,0B,00,72,00,00,80,00,00,
0,00000380,false,Rx,0,8,B0,80,00,76,20,00,00,FE,
0,00000380,false,Rx,0,8,B0,80,00,76,20,00,00,FE,
0,00000588,false,Rx,0,8,0B,00,72,00,00,80,00,00,
0,00000380,false,Rx,0,8,B0,80,00,76,20,00,00,FE,
0,00000380,false,Rx,0,8,B0,80,00,76,20,00,00,FE,
789000,00000588,false,Rx,0,8,0B,00,72,00,00,80,00,00,
0,00000380,false,Rx,0,8,B0,80,00,76,20,00,00,FE,
0,00000380,false,Rx,0,8,B0,80,00,76,20,00,00,FE,
0,00000588,false,Rx,0,8,0B,00,72,00,00,80,00,00,
0,00000380,false,Rx,0,8,B0,80,00,76,20,00,00,FE,
0,00000380,false,Rx,0,8,B0,80,00,76,20,00,00,FE,
0,00000588,false,Rx,0,8,0B,00,72,00,00,80,00,00,
0,00000380,false,Rx,0,8,B0,80,00,76,20,00,00,FE,
0,00000380,false,Rx,0,8,B0,80,00,76,20,00,00,FE,
0,00000588,false,Rx,0,8,0B,00,72,00,00,80,00,00,
0,00000380,false,Rx,0,8,B0,80,00,76,20,00,00,FE,
0,00000380,false,Rx,0,8,B0,80,00,76,20,00,00,FE,
0,00000588,false,Rx,0,8,0B,00,72,00,00,80,00,00,
0,00000380,false,Rx,0,8,B0,80,00,76,20,00,00,FE,
0,00000380,false,Rx,0,8,B0,80,00,76,20,00,00,FE,
0,00000588,false,Rx,0,8,0B,00,72,00,00,80,00,00,
0,00000380,false,Rx,0,8,B0,80,00,76,20,00,00,FE,
0,00000380,false,Rx,0,8,B0,80,00,76,20,00,00,FE,
0,00000588,false,Rx,0,8,0B,00,72,00,00,80,00,00,
0,00000380,false,Rx,0,8,B0,80,00,76,20,00,00,FE,
0,00000380,false,Rx,0,8,B0,80,00,76,20,00,00,FE,
933000,00000588,false,Rx,0,8,0B,00,72,00,00,80,00,00,
0,00000380,false,Rx,0,8,B0,80,00,76,20,00,00,FE,
0,00000380,false,Rx,0,8,B0,80,00,76,20,00,00,FE,
0,00000588,false,Rx,0,8,0B,00,72,00,00,80,00,00,
0,00000380,false,Rx,0,8,B0,80,00,76,20,00,00,FE,
0,00000380,false,Rx,0,8,B0,80,00,76,20,00,00,FE,
970000,00000588,false,Rx,0,8,0B,00,72,00,00,80,00,00,
0,00000380,false,Rx,0,8,B0,80,00,76,20,00,00,FE,
978000,00000488,false,Rx,0,8,DF,23,00,72,FE,FF,FF,70,
0,00000380,false,Rx,0,8,B0,80,00,76,20,00,00,FE,
0,00000588,false,Rx,0,8,0B,00,72,00,00,80,00,00,
0,00000380,false,Rx,0,8,B0,80,00,76,20,00,00,FE,
0,00000380,false,Rx,0,8,B0,80,00,76,20,00,00,FE,
0,00000588,false,Rx,0,8,0B,00,72,00,00,80,00,00,
0,00000380,false,Rx,0,8,B0,80,00,76,20,00,00,FE,
0,00000380,false,Rx,0,8,B0,80,00,76,20,00,00,FE,
0,00000588,false,Rx,0,8,0B,00,72,00,00,80,00,00,
0,00000380,false,Rx,0,8,B0,80,00,76,20,00,00,FE,
0,00000380,false,Rx,0,8,B0,80,00,76,20,00,00,FE,
0,00000588,false,Rx,0,8,0B,00,72,00,00,80,00,00,
0,00000380,false,Rx,0,8,B0,80,00,76,20,00,00,FE,
0,00000380,false,Rx,0,8,B0,80,00,76,20,00,00,FE,
0,00000588,false,Rx,0,8,0B,00,72,00,00,80,00,00,
0,00000380,false,Rx,0,8,B0,80,00,76,20,00,00,FE,
0,00000380,false,Rx,0,8,B0,80,00,76,20,00,00,FE,
0,00000588,false,Rx,0,8,0B,00,72,00,00,80,00,00,
0,00000380,false,Rx,0,8,B0,80,00,76,20,00,00,FE,
0,00000380,false,Rx,0,8,B0,80,00,76,20,00,00,FE,
0,00000588,false,Rx,0,8,0B,00,72,00,00,80,00,00,
0,00000380,false,Rx,0,8,B0,80,00,76,20,00,00,FE,
0,00000380,false,Rx,0,8,B0,80,00,76,20,00,00,FE,
133000,00000588,false,Rx,0,8,0B,00,72,00,00,80,00,00,
0,00000380,false,Rx,0,8,B0,80,00,76,20,00,00,FE,
0,00000380,false,Rx,0,8,B0,80,00,76,20,00,00,FE,
0,00000588,false,Rx,0,8,0B,00,72,00,00,80,00,00,
0,00000380,false,Rx,0,8,B0,80,00,76,20,00,00,FE,
0,00000380,false,Rx,0,8,B0,80,00,76,20,00,00,FE,
170000,00000588,false,Rx,0,8,0B,00,72,00,00,80,00,00,
0,00000380,false,Rx,0,8,B0,80,00,76,20,00,00,FE,
0,00000380,false,Rx,0,8,B0,80,00,76,20,00,00,FE,
0,00000588,false,Rx,0,8,0B,00,72,00,00,80,00,00,
0,00000380,false,Rx,0,8,B0,80,00,76,20,00,00,FE,
0,00000380,false,Rx,0,8,B0,80,00,76,20,00,00,FE,
0,00000588,false,Rx,0,8,0B,00,72,00,00,80,00,00,
0,00000380,false,Rx,0,8,B0,80,00,76,20,00,00,FE,
0,00000380,false,Rx,0,8,B0,80,00,76,20,00,00,FE,
0,00000588,false,Rx,0,8,0B,00,72,00,00,80,00,00,
0,00000380,false,Rx,0,8,B0,80,00,76,20,00,00,FE,
0,00000380,false,Rx,0,8,B0,80,00,76,20,00,00,FE,
0,00000588,false,Rx,0,8,0B,00,72,00,00,80,00,00,
0,00000380,false,Rx,0,8,B0,80,00,76,20,00,00,FE,
0,00000380,false,Rx,0,8,B0,80,00,76,20,00,00,FE,
0,00000588,false,Rx,0,8,0B,00,72,00,00,80,00,00,
0,00000380,false,Rx,0,8,B0,80,00,76,20,00,00,FE,
0,00000380,false,Rx,0,8,B0,80,00,76,20,00,00,FE,
0,00000588,false,Rx,0,8,0B,00,72,00,00,80,00,00,
0,00000380,false,Rx,0,8,B0,80,00,76,20,00,00,FE,
0,00000380,false,Rx,0,8,B0,80,00,76,20,00,00,FE,
314000,00000588,false,Rx,0,8,0B,00,72,00,00,80,00,00,
0,00000380,false,Rx,0,8,B0,80,00,76,20,00,00,FE,
0,00000380,false,Rx,0,8,B0,80,00,76,20,00,00,FE,
0,00000588,false,Rx,0,8,0B,00,72,00,00,80,00,00,
0,00000380,false,Rx,0,8,B0,80,00,76,20,00,00,FE,
0,00000380,false,Rx,0,8,B0,80,00,76,20,00,00,FE,
350000,00000588,false,Rx,0,8,0B,00,72,00,00,80,00,00,
0,00000380,false,Rx,0,8,B0,80,00,76,20,00,00,FE,
0,00000380,false,Rx,0,8,B0,80,00,76,20,00,00,FE,
0,00000588,false,Rx,0,8,0B,00,72,00,00,80,00,00,
0,00000380,false,Rx,0,8,B0,80,00,76,20,00,00,FE,
0,00000380,false,Rx,0,8,B0,80,00,76,20,00,00,FE,
0,00000588,false,Rx,0,8,0B,00,72,00,00,80,00,00,
0,00000380,false,Rx,0,8,B0,80,00,76,20,00,00,FE,
0,00000380,false,Rx,0,8,B0,80,00,76,20,00,00,FE,
0,00000588,false,Rx,0,8,0B,00,72,00,00,80,00,00,
0,00000380,false,Rx,0,8,B0,80,00,76,20,00,00,FE,
0,00000380,false,Rx,0,8,B0,80,00,76,20,00,00,FE,
0,00000588,false,Rx,0,8,0B,00,72,00,00,80,00,00,
0,00000380,false,Rx,0,8,B0,80,00,76,20,00,00,FE,
0,00000380,false,Rx,0,8,B0,80,00,76,20,00,00,FE,
0,00000588,false,Rx,0,8,0B,00,72,00,00,80,00,00,
0,00000380,false,Rx,0,8,B0,80,00,76,20,00,00,FE,
0,00000380,false,Rx,0,8,B0,80,00,76,20,00,00,FE,
0,00000588,false,Rx,0,8,0B,00,72,00,00,80,00,00,
0,00000300,false,Rx,0,8,24,00,00,00,0A,67,2B,78,
0,00000488,false,Rx,0,8,3F,23,00,72,FE,FF,FF,90,
0,00000380,false,Rx,0,8,B0,80,00,76,20,00,00,FE,
0,00000588,false,Rx,0,8,0B,00,72,00,00,80,00,00,
0,00000380,false,Rx,0,8,B0,80,00,76,20,00,00,FE,
0,00000380,false,Rx,0,8,B0,80,00,76,20,00,00,FE,
0,00000284,false,Rx,0,6,0F,0F,00,00,00,00,00,00,
0,00000380,false,Rx,0,8,B0,80,00,76,20,00,00,FE,
0,00000380,false,Rx,0,8,B0,80,00,76,20,00,00,FE,
0,00000588,false,Rx,0,8,0B,00,72,00,00,80,00,00,
0,00000380,false,Rx,0,8,B0,80,00,76,20,00,00,FE,
0,00000380,false,Rx,0,8,B0,80,00,76,20,00,00,FE,
551000,00000588,false,Rx,0,8,0B,00,72,00,00,80,00,00,
0,00000380,false,Rx,0,8,B0,80,00,76,20,00,00,FE,
0,00000380,false,Rx,0,8,B0,80,00,76,20,00,00,FE,
0,00000588,false,Rx,0,8,0B,00,72,00,00,80,00,00,
0,00000380,false,Rx,0,8,B0,80,00,76,20,00,00,FE,
0,00000380,false,Rx,0,8,B0,80,00,76,20,00,00,FE,
592000,00000588,false,Rx,0,8,0B,00,72,00,00,80,00,00,
0,00000380,false,Rx,0,8,B0,80,00,76,20,00,00,FE,
0,00000380,false,Rx,0,8,B0,80,00,76,20,00,00,FE,
0,00000588,false,Rx,0,8,0B,00,72,00,00,80,00,00,
0,00000380,false,Rx,0,8,B0,80,00,76,20,00,00,FE,
0,00000380,false,Rx,0,8,B0,80,00,76,20,00,00,FE,
0,00000588,false,Rx,0,8,0B,00,72,00,00,80,00,00,
0,00000380,false,Rx,0,8,B0,80,00,76,20,00,00,FE,
0,00000380,false,Rx,0,8,B0,80,00,76,20,00,00,FE,
0,00000588,false,Rx,0,8,0B,00,72,00,00,80,00,00,
0,00000300,false,Rx,0,1,B4,00,00,00,00,00,00,00,
0,00000380,false,Rx,0,8,B0,80,00,76,20,00,00,FE,
0,00000588,false,Rx,0,8,0B,00,72,00,00,80,00,00,
0,00000380,false,Rx,0,8,B0,80,00,76,20,00,00,FE,
0,00000380,false,Rx,0,8,B0,80,00,76,20,00,00,FE,
0,00000284,false,Rx,0,6,08,08,00,00,00,00,00,00,
0,00000380,false,Rx,0,8,B0,80,00,76,20,00,00,FE,
0,00000380,false,Rx,0,8,B0,80,00,76,20,00,00,FE,
0,00000588,false,Rx,0,8,0B,00,72,00,00,80,00,00,
0,00000380,false,Rx,0,8,B0,80,00,76,20,00,00,FE,
0,00000380,false,Rx,0,8,B0,80,00,76,20,00,00,FE,
731000,00000588,false,Rx,0,8,0B,00,72,00,00,80,00,00,
0,00000380,false,Rx,0,8,B0,80,00,76,20,00,00,FE,
0,00000380,false,Rx,0,8,B0,80,00,76,20,00,00,FE,
0,00000740,false,Rx,0,5,14,00,02,1A,91,00,00,00,
752000,00000588,false,Rx,0,8,0B,00,72,00,00,80,00,00,
0,00000380,false,Rx,0,8,B0,80,00,76,20,00,00,FE,
0,00000380,false,Rx,0,8,B0,80,00,76,20,00,00,FE,
0,00000588,false,Rx,0,8,0B,00,72,00,00,80,00,00,
0,00000380,false,Rx,0,8,B0,80,00,76,20,00,00,FE,
0,00000380,false,Rx,0,8,B0,80,00,76,20,00,00,FE,
0,00000588,false,Rx,0,8,0B,00,72,00,00,80,00,00,
0,00000380,false,Rx,0,8,B0,80,00,76,20,00,00,FE,
0,00000380,false,Rx,0,8,B0,80,00,76,20,00,00,FE,
0,00000588,false,Rx,0,8,0B,00,72,00,00,80,00,00,
0,00000380,false,Rx,0,8,B0,80,00,76,20,00,00,FE,
0,00000380,false,Rx,0,8,B0,80,00,76,20,00,00,FE,
0,00000284,false,Rx,0,6,0F,0F,00,00,00,00,00,00,
0,00000380,false,Rx,0,8,B0,80,00,76,20,00,00,FE,
0,00000380,false,Rx,0,8,B0,80,00,76,20,00,00,FE,
0,00000588,false,Rx,0,8,0B,00,72,00,00,80,00,00,
0,00000380,false,Rx,0,8,B0,80,00,76,20,00,00,FE,
0,00000380,false,Rx,0,8,B0,80,00,76,20,00,00,FE,
0,00000284,false,Rx,0,6,01,01,00,00,00,00,00,00,
0,00000380,false,Rx,0,8,B0,80,00,76,20,00,00,FE,
0,00000380,false,Rx,0,8,B0,80,00,76,20,00,00,FE,
0,00000588,false,Rx,0,8,0B,00,72,00,00,80,00,00,
0,00000380,false,Rx,0,8,B0,80,00,76,20,00,00,FE,
0,00000380,false,Rx,0,8,B0,80,00,76,20,00,00,FE,
912000,00000588,false,Rx,0,8,0B,00,72,00,00,80,00,00,
0,00000380,false,Rx,0,8,B0,80,00,76,20,00,00,FE,
0,00000380,false,Rx,0,8,B0,80,00,76,20,00,00,FE,
932000,00000588,false,Rx,0,8,0B,00,72,00,00,80,00,00,
0,00000380,false,Rx,0,8,B0,80,00,76,20,00,00,FE,
0,00000380,false,Rx,0,8,B0,80,00,76,20,00,00,FE,
0,00000588,false,Rx,0,8,0B,00,72,00,00,80,00,00,
0,00000380,false,Rx,0,8,B0,80,00,76,20,00,00,FE,
0,00000380,false,Rx,0,8,B0,80,00,76,20,00,00,FE,
0,00000588,false,Rx,0,8,0B,00,72,00,00,80,00,00,
0,00000380,false,Rx,0,8,B0,80,00,76,20,00,00,FE,
0,00000380,false,Rx,0,8,B0,80,00,76,20,00,00,FE,
0,00000284,false,Rx,0,6,07,07,00,00,00,00,00,00,
0,00000380,false,Rx,0,8,B0,80,00,76,20,00,00,FE,
0,00000380,false,Rx,0,8,B0,80,00,76,20,00,00,FE,
0,00000588,false,Rx,0,8,0B,00,72,00,00,80,00,00,
0,00000380,false,Rx,0,8,B0,80,00,76,20,00,00,FE,
0,00000380,false,Rx,0,8,B0,80,00,76,20,00,00,FE,
0,00000588,false,Rx,0,8,0B,00,72,00,00,80,00,00,
0,00000380,false,Rx,0,8,B0,80,00,76,20,00,00,FE,
0,00000380,false,Rx,0,8,B0,80,00,76,20,00,00,FE,
0,00000588,false,Rx,0,8,0B,00,72,00,00,80,00,00,
0,00000380,false,Rx,0,8,B0,80,00,76,20,00,00,FE,
0,00000380,false,Rx,0,8,B0,80,00,76,20,00,00,FE,
0,00000284,false,Rx,0,6,0B,0B,00,00,00,00,00,00,
0,00000380,false,Rx,0,8,B0,80,00,76,20,00,00,FE,
0,00000380,false,Rx,0,8,B0,80,00,76,20,00,00,FE,
0,00000588,false,Rx,0,8,0B,00,72,00,00,80,00,00,
0,00000380,false,Rx,0,8,B0,80,00,76,20,00,00,FE,
0,00000380,false,Rx,0,8,B0,80,00,76,20,00,00,FE,
117000,00000588,false,Rx,0,8,0B,00,72,00,00,80,00,00,
0,00000380,false,Rx,0,8,B0,80,00,76,20,00,00,FE,
0,00000380,false,Rx,0,8,B0,80,00,76,20,00,00,FE,
0,00000588,false,Rx,0,8,0B,00,72,00,00,80,00,00,
0,00000380,false,Rx,0,8,B0,80,00,76,20,00,00,FE,
0,00000380,false,Rx,0,8,B0,80,00,76,20,00,00,FE,
153000,00000588,false,Rx,0,8,0B,00,72,00,00,80,00,00,
0,00000380,false,Rx,0,8,B0,80,00,76,20,00,00,FE,
0,00000380,false,Rx,0,8,B0,80,00,76,20,00,00,FE,
0,00000284,false,Rx,0,6,00,00,00,00,00,00,00,00,
0,00000380,false,Rx,0,8,B0,80,00,76,20,00,00,FE,
0,00000380,false,Rx,0,8,B0,80,00,76,20,00,00,FE,
0,00000588,false,Rx,0,8,0B,00,72,00,00,80,00,00,
0,00000380,false,Rx,0,8,B0,80,00,76,20,00,00,FE,
0,00000380,false,Rx,0,8,B0,80,00,76,20,00,00,FE,
0,00000284,false,Rx,0,6,02,02,00,00,00,00,00,00,
0,00000380,false,Rx,0,8,B0,80,00,76,20,00,00,FE,
0,00000380,false,Rx,0,8,B0,80,00,76,20,00,00,FE,
0,00000588,false,Rx,0,8,0B,00,72,00,00,80,00,00,
0,00000380,false,Rx,0,8,B0,80,00,76,20,00,00,FE,
0,00000380,false,Rx,0,8,B0,80,00,76,20,00,00,FE,
0,00000588,false,Rx,0,8,0B,00,72,00,00,80,00,00,
0,00000380,false,Rx,0,8,B0,80,00,76,20,00,00,FE,
0,00000380,false,Rx,0,8,B0,80,00,76,20,00,00,FE,
0,00000588,false,Rx,0,8,0B,00,72,00,00,80,00,00,
0,00000380,false,Rx,0,8,B0,80,00,76,20,00,00,FE,
0,00000380,false,Rx,0,8,B0,80,00,76,20,00,00,FE,
0,00000284,false,Rx,0,6,06,06,00,00,00,00,00,00,
0,00000380,false,Rx,0,8,B0,80,00,76,20,00,00,FE,
0,00000380,false,Rx,0,8,B0,80,00,76,20,00,00,FE,
0,00000588,false,Rx,0,8,0B,00,72,00,00,80,00,00,
0,00000380,false,Rx,0,8,B0,80,00,76,20,00,00,FE,
0,00000380,false,Rx,0,8,B0,80,00,76,20,00,00,FE,
0,00000588,false,Rx,0,8,0B,00,72,00,00,80,00,00,
0,00000380,false,Rx,0,8,B0,80,00,76,20,00,00,FE,
0,00000380,false,Rx,0,8,B0,80,00,76,20,00,00,FE,
354000,00000588,false,Rx,0,8,0B,00,72,00,00,80,00,00,
0,00000380,false,Rx,0,8,B0,80,00,76,20,00,00,FE,
0,00000380,false,Rx,0,8,B0,80,00,76,20,00,00,FE,
0,00000588,false,Rx,0,8,0B,00,72,00,00,80,00,00,
0,00000380,false,Rx,0,8,B0,80,00,76,20,00,00,FE,
383000,00000300,false,Rx,0,6,A1,0F,8A,FF,4A,FF,00,00,
0,00000380,false,Rx,0,8,B0,80,00,76,20,00,00,FE,
0,00000588,false,Rx,0,8,0B,00,72,00,00,80,00,00,
0,00000380,false,Rx,0,8,B0,80,00,76,20,00,00,FE,
0,00000380,false,Rx,0,8,B0,80,00,76,20,00,00,FE,
0,00000588,false,Rx,0,8,0B,00,72,00,00,80,00,00,
0,00000380,false,Rx,0,8,B0,80,00,76,20,00,00,FE,
0,00000380,false,Rx,0,8,B0,80,00,76,20,00,00,FE,
0,00000588,false,Rx,0,8,0B,00,72,00,00,80,00,00,
0,00000380,false,Rx,0,8,B0,80,00,76,20,00,00,FE,
0,00000380,false,Rx,0,8,B0,80,00,76,20,00,00,FE,
0,00000588,false,Rx,0,8,0B,00,72,00,00,80,00,00,
0,00000380,false,Rx,0,8,B0,80,00,76,20,00,00,FE,
0,00000380,false,Rx,0,8,B0,80,00,76,20,00,00,FE,
0,00000588,false,Rx,0,8,0B,00,72,00,00,80,00,00,
0,00000380,false,Rx,0,8,B0,80,00,76,20,00,00,FE,
0,00000380,false,Rx,0,8,B0,80,00,76,20,00,00,FE,
498000,00000588,false,Rx,0,8,0B,00,72,00,00,80,00,00,
0,00000380,false,Rx,0,8,B0,80,00,76,20,00,00,FE,
0,00000380,false,Rx,0,8,B0,80,00,76,20,00,00,FE,
0,00000588,false,Rx,0,8,0B,00,72,00,00,80,00,00,
0,00000380,false,Rx,0,8,B0,80,00,76,20,00,00,FE,
0,00000380,false,Rx,0,8,B0,80,00,76,20,00,00,FE,
534000,00000588,false,Rx,0,8,0B,00,72,00,00,80,00,00,
0,00000380,false,Rx,0,8,B0,80,00,76,20,00,00,FE,
0,00000380,false,Rx,0,8,B0,80,00,76,20,00,00,FE,
0,00000588,false,Rx,0,8,0B,00,72,00,00,80,00,00,
0,00000380,false,Rx,0,8,B0,80,00,76,20,00,00,FE,
0,00000380,false,Rx,0,8,B0,80,00,76,20,00,00,FE,
0,00000588,false,Rx,0,8,0B,00,72,00,00,80,00,00,
0,00000380,false,Rx,0,8,B0,80,00,76,20,00,00,FE,
0,00000380,false,Rx,0,8,B0,80,00,76,20,00,00,FE,
0,00000588,false,Rx,0,8,0B,00,72,00,00,80,00,00,
0,00000380,false,Rx,0,8,B0,80,00,76,20,00,00,FE,
0,00000380,false,Rx,0,8,B0,80,00,76,20,00,00,FE,
0,00000588,false,Rx,0,8,0B,00,72,00,00,80,00,00,
0,00000380,false,Rx,0,8,B0,80,00,76,20,00,00,FE,
0,00000380,false,Rx,0,8,B0,80,00,76,20,00,00,FE,
0,00000588,false,Rx,0,8,0B,00,72,00,00,80,00,00,
0,00000380,false,Rx,0,8,B0,80,00,76,20,00,00,FE,
0,00000380,false,Rx,0,8,B0,80,00,76,20,00,00,FE,
0,00000588,false,Rx,0,8,0B,00,72,00,00,80,00,00,
0,00000380,false,Rx,0,8,B0,80,00,76,20,00,00,FE,
0,00000380,false,Rx,0,8,B0,80,00,76,20,00,00,FE,
678000,00000588,false,Rx,0,8,0B,00,72,00,00,80,00,00,
0,00000380,false,Rx,0,8,B0,80,00,76,20,00,00,FE,
0,00000380,false,Rx,0,8,B0,80,00,76,20,00,00,FE,
0,00000588,false,Rx,0,8,0B,00,72,00,00,80,00,00,
0,00000380,false,Rx,0,8,B0,80,00,76,20,00,00,FE,
0,00000380,false,Rx,0,8,B0,80,00,76,20,00,00,FE,
714000,00000588,false,Rx,0,8,0B,00,72,00,00,80,00,00,
0,00000380,false,Rx,0,8,B0,80,00,76,20,00,00,FE,
0,00000380,false,Rx,0,8,B0,80,00,76,20,00,00,FE,
0,00000588,false,Rx,0,8,0B,00,72,00,00,80,00,00,
0,00000380,false,Rx,0,8,B0,80,00,76,20,00,00,FE,
0,00000380,false,Rx,0,8,B0,80,00,76,20,00,00,FE,
0,00000588,false,Rx,0,8,0B,00,72,00,00,80,00,00,
0,00000380,false,Rx,0,8,B0,80,00,76,20,00,00,FE,
0,00000380,false,Rx,0,8,B0,80,00,76,20,00,00,FE,
0,00000588,false,Rx,0,8,0B,00,72,00,00,80,00,00,
0,00000380,false,Rx,0,8,B0,80,00,76,20,00,00,FE,
0,00000380,false,Rx,0,8,B0,80,00,76,20,00,00,FE,
0,00000588,false,Rx,0,8,0B,00,72,00,00,80,00,00,
0,00000380,false,Rx,0,8,B0,80,00,76,20,00,00,FE,
0,00000380,false,Rx,0,8,B0,80,00,76,20,00,00,FE,
0,00000588,false,Rx,0,8,0B,00,72,00,00,80,00,00,
0,00000380,false,Rx,0,8,B0,80,00,76,20,00,00,FE,
0,00000380,false,Rx,0,8,B0,80,00,76,20,00,00,FE,
0,00000588,false,Rx,0,8,0B,00,72,00,00,80,00,00,
0,00000380,false,Rx,0,8,B0,80,00,76,20,00,00,FE,
0,00000380,false,Rx,0,8,B0,80,00,76,20,00,00,FE,
0,00000588,false,Rx,0,8,0B,00,72,00,00,80,00,00,
0,00000380,false,Rx,0,8,B0,80,00,76,20,00,00,FE,
0,00000380,false,Rx,0,8,B0,80,00,76,20,00,00,FE,
878000,00000588,false,Rx,0,8,0B,00,72,00,00,80,00,00,
0,00000380,false,Rx,0,8,B0,80,00,76,20,00,00,FE,
0,00000380,false,Rx,0,8,B0,80,00,76,20,00,00,FE,
0,00000588,false,Rx,0,8,0B,00,72,00,00,80,00,00,
0,00000380,false,Rx,0,8,B0,80,00,76,20,00,00,FE,
0,00000380,false,Rx,0,8,B0,80,00,76,20,00,00,FE,
915000,00000588,false,Rx,0,8,0B,00,72,00,00,80,00,00,
0,00000380,false,Rx,0,8,B0,80,00,76,20,00,00,FE,
0,00000380,false,Rx,0,8,B0,80,00,76,20,00,00,FE,
0,00000588,false,Rx,0,8,0B,00,72,00,00,80,00,00,
0,00000380,false,Rx,0,8,B0,80,00,76,20,00,00,FE,
0,00000380,false,Rx,0,8,B0,80,00,76,20,00,00,FE,
0,00000588,false,Rx,0,8,0B,00,72,00,00,80,00,00,
0,00000380,false,Rx,0,8,B0,80,00,76,20,00,00,FE,
0,00000380,false,Rx,0,8,B0,80,00,76,20,00,00,FE,
0,00000588,false,Rx,0,8,0B,00,72,00,00,80,00,00,
0,00000380,false,Rx,0,8,B0,80,00,76,20,00,00,FE,
0,00000380,false,Rx,0,8,B0,80,00,76,20,00,00,FE,
0,00000588,false,Rx,0,8,0B,00,72,00,00,80,00,00,
0,00000380,false,Rx,0,8,B0,80,00,76,20,00,00,FE,
0,00000380,false,Rx,0,8,B0,80,00,76,20,00,00,FE,
0,00000588,false,Rx,0,8,0B,00,72,00,00,80,00,00,
0,00000380,false,Rx,0,8,B0,80,00,76,20,00,00,FE,
0,00000380,false,Rx,0,8,B0,80,00,76,20,00,00,FE,
0,00000588,false,Rx,0,8,0B,00,72,00,00,80,00,00,
0,00000380,false,Rx,0,8,B0,80,00,76,20,00,00,FE,
0,00000380,false,Rx,0,8,B0,80,00,76,20,00,00,FE,
59000,00000588,false,Rx,0,8,0B,00,72,00,00,80,00,00,
0,00000380,false,Rx,0,8,B0,80,00,76,20,00,00,FE,
0,00000380,false,Rx,0,8,B0,80,00,76,20,00,00,FE,
0,00000588,false,Rx,0,8,0B,00,72,00,00,80,00,00,
0,00000380,false,Rx,0,8,B0,80,00,76,20,00,00,FE,
0,00000380,false,Rx,0,8,B0,80,00,76,20,00,00,FE,
95000,00000588,false,Rx,0,8,0B,00,72,00,00,80,00,00,
0,00000380,false,Rx,0,8,B0,80,00,76,20,00,00,FE,
0,00000380,false,Rx,0,8,B0,80,00,76,20,00,00,FE,
0,00000588,false,Rx,0,8,0B,00,72,00,00,80,00,00,
0,00000380,false,Rx,0,8,B0,80,00,76,20,00,00,FE,
0,00000380,false,Rx,0,8,B0,80,00,76,20,00,00,FE,
0,00000588,false,Rx,0,8,0B,00,72,00,00,80,00,00,
0,00000380,false,Rx,0,8,B0,80,00,76,20,00,00,FE,
0,00000380,false,Rx,0,8,B0,80,00,76,20,00,00,FE,
0,00000588,false,Rx,0,8,0B,00,72,00,00,80,00,00,
0,00000380,false,Rx,0,8,B0,80,00,76,20,00,00,FE,
0,00000380,false,Rx,0,8,B0,80,00,76,20,00,00,FE,
0,00000588,false,Rx,0,8,0B,00,72,00,00,80,00,00,
0,00000380,false,Rx,0,8,B0,80,00,76,20,00,00,FE,
0,00000380,false,Rx,0,8,B0,80,00,76,20,00,00,FE,
0,00000588,false,Rx,0,8,0B,00,72,00,00,80,00,00,
0,00000380,false,Rx,0,8,B0,80,00,76,20,00,00,FE,
0,00000380,false,Rx,0,8,B0,80,00,76,20,00,00,FE,
0,00000588,false,Rx,0,8,0B,00,72,00,00,80,00,00,
0,00000380,false,Rx,0,8,B0,80,00,76,20,00,00,FE,
0,00000380,false,Rx,0,8,B0,80,00,76,20,00,00,FE,
239000,00000588,false,Rx,0,8,0B,00,72,00,00,80,00,00,
0,00000380,false,Rx,0,8,B0,80,00,76,20,00,00,FE,
0,00000380,false,Rx,0,8,B0,80,00,76,20,00,00,FE,
0,00000588,false,Rx,0,8,0B,00,72,00,00,80,00,00,
0,00000380,false,Rx,0,8,B0,80,00,76,20,00,00,FE,
0,00000380,false,Rx,0,8,B0,80,00,76,20,00,00,FE,
0,00000588,false,Rx,0,8,0B,00,72,00,00,80,00,00,
0,00000380,false,Rx,0,8,B0,80,00,76,20,00,00,FE,
0,00000380,false,Rx,0,8,B0,80,00,76,20,00,00,FE,
296000,00000588,false,Rx,0,8,0B,00,72,00,00,80,00,00,
0,00000380,false,Rx,0,8,B0,80,00,76,20,00,00,FE,
0,00000380,false,Rx,0,8,B0,80,00,76,20,00,00,FE,
0,00000588,false,Rx,0,8,0B,00,72,00,00,80,00,00,
0,00000380,false,Rx,0,8,B0,80,00,76,20,00,00,FE,
0,00000380,false,Rx,0,8,B0,80,00,76,20,00,00,FE,
0,00000588,false,Rx,0,8,0B,00,72,00,00,80,00,00,
0,00000380,false,Rx,0,8,B0,80,00,76,20,00,00,FE,
0,00000380,false,Rx,0,8,B0,80,00,76,20,00,00,FE,
0,00000588,false,Rx,0,8,0B,00,72,00,00,80,00,00,
0,00000380,false,Rx,0,8,B0,80,00,76,20,00,00,FE,
0,00000380,false,Rx,0,8,B0,80,00,76,20,00,00,FE,
0,00000588,false,Rx,0,8,0B,00,72,00,00,80,00,00,
0,00000380,false,Rx,0,8,B0,80,00,76,20,00,00,FE,
0,00000380,false,Rx,0,8,B0,80,00,76,20,00,00,FE,
0,00000588,false,Rx,0,8,0B,00,72,00,00,80,00,00,
0,00000380,false,Rx,0,8,B0,80,00,76,20,00,00,FE,
0,00000380,false,Rx,0,8,B0,80,00,76,20,00,00,FE,
0,00000588,false,Rx,0,8,0B,00,72,00,00,80,00,00,
0,00000380,false,Rx,0,8,B0,80,00,76,20,00,00,FE,
0,00000380,false,Rx,0,8,B0,80,00,76,20,00,00,FE,
440000,00000588,false,Rx,0,8,0B,00,72,00,00,80,00,00,
0,00000380,false,Rx,0,8,B0,80,00,76,20,00,00,FE,
0,00000300,false,Rx,0,6,A1,0F,8A,FF,4A,FF,00,00,
0,00000380,false,Rx,0,8,B0,80,00,76,20,00,00,FE,
0,00000588,false,Rx,0,8,0B,00,72,00,00,80,00,00,
0,00000380,false,Rx,0,8,B0,80,00,76,20,00,00,FE,
0,00000380,false,Rx,0,8,B0,80,00,76,20,00,00,FE,
476000,00000588,false,Rx,0,8,0B,00,72,00,00,80,00,00,
0,00000380,false,Rx,0,8,B0,80,00,76,20,00,00,FE,
0,00000380,false,Rx,0,8,B0,80,00,76,20,00,00,FE,
0,00000588,false,Rx,0,8,0B,00,72,00,00,80,00,00,
0,00000380,false,Rx,0,8,B0,80,00,76,20,00,00,FE,
0,00000380,false,Rx,0,8,B0,80,00,76,20,00,00,FE,
0,00000588,false,Rx,0,8,0B,00,72,00,00,80,00,00,
0,00000380,false,Rx,0,8,B0,80,00,76,20,00,00,FE,
0,00000380,false,Rx,0,8,B0,80,00,76,20,00,00,FE,
0,00000588,false,Rx,0,8,0B,00,72,00,00,80,00,00,
0,00000380,false,Rx,0,8,B0,80,00,76,20,00,00,FE,
0,00000380,false,Rx,0,8,B0,80,00,76,20,00,00,FE,
0,00000588,false,Rx,0,8,0B,00,72,00,00,80,00,00,
0,00000380,false,Rx,0,8,B0,80,00,76,20,00,00,FE,
0,00000380,false,Rx,0,8,B0,80,00,76,20,00,00,FE,
0,00000588,false,Rx,0,8,0B,00,72,00,00,80,00,00,
0,00000380,false,Rx,0,8,B0,80,00,76,20,00,00,FE,
0,00000380,false,Rx,0,8,B0,80,00,76,20,00,00,FE,
0,00000588,false,Rx,0,8,0B,00,72,00,00,80,00,00,
0,00000380,false,Rx,0,8,B0,80,00,76,20,00,00,FE,
0,00000380,false,Rx,0,8,B0,80,00,76,20,00,00,FE,
620000,00000588,false,Rx,0,8,0B,00,72,00,00,80,00,00,
0,00000380,false,Rx,0,8,B0,80,00,76,20,00,00,FE,
0,00000380,false,Rx,0,8,B0,80,00,76,20,00,00,FE,
0,00000588,false,Rx,0,8,0B,00,72,00,00,80,00,00,
0,00000380,false,Rx,0,8,B0,80,00,76,20,00,00,FE,
0,00000380,false,Rx,0,8,B0,80,00,76,20,00,00,FE,
657000,00000588,false,Rx,0,8,0B,00,72,00,00,80,00,00,
0,00000380,false,Rx,0,8,B0,80,00,76,20,00,00,FE,
0,00000380,false,Rx,0,8,B0,80,00,76,20,00,00,FE,
0,00000588,false,Rx,0,8,0B,00,72,00,00,80,00,00,
0,00000380,false,Rx,0,8,B0,80,00,76,20,00,00,FE,
0,00000380,false,Rx,0,8,B0,80,00,76,20,00,00,FE,
0,00000588,false,Rx,0,8,0B,00,72,00,00,80,00,00,
0,00000380,false,Rx,0,8,B0,80,00,76,20,00,00,FE,
0,00000380,false,Rx,0,8,B0,80,00,76,20,00,00,FE,
0,00000588,false,Rx,0,8,0B,00,72,00,00,80,00,00,
0,00000380,false,Rx,0,8,B0,80,00,76,20,00,00,FE,
0,00000380,false,Rx,0,8,B0,80,00,76,20,00,00,FE,
0,00000588,false,Rx,0,8,0B,00,72,00,00,80,00,00,
0,00000380,false,Rx,0,8,B0,80,00,76,20,00,00,FE,
0,00000380,false,Rx,0,8,B0,80,00,76,20,00,00,FE,
0,00000588,false,Rx,0,8,0B,00,72,00,00,80,00,00,
0,00000380,false,Rx,0,8,B0,80,00,76,20,00,00,FE,
0,00000380,false,Rx,0,8,B0,80,00,76,20,00,00,FE,
0,00000588,false,Rx,0,8,0B,00,72,00,00,80,00,00,
0,00000380,false,Rx,0,8,B0,80,00,76,20,00,00,FE,
0,00000380,false,Rx,0,8,B0,80,00,76,20,00,00,FE,
0,00000588,false,Rx,0,8,0B,00,72,00,00,80,00,00,
0,00000380,false,Rx,0,8,B0,80,00,76,20,00,00,FE,
0,00000380,false,Rx,0,8,B0,80,00,76,20,00,00,FE,
820000,00000588,false,Rx,0,8,0B,00,72,00,00,80,00,00,
0,00000380,false,Rx,0,8,B0,80,00,76,20,00,00,FE,
0,00000380,false,Rx,0,8,B0,80,00,76,20,00,00,FE,
0,00000588,false,Rx,0,8,0B,00,72,00,00,80,00,00,
0,00000380,false,Rx,0,8,B0,80,00,76,20,00,00,FE,
0,00000380,false,Rx,0,8,B0,80,00,76,20,00,00,FE,
857000,00000588,false,Rx,0,8,0B,00,72,00,00,80,00,00,
0,00000380,false,Rx,0,8,B0,80,00,76,20,00,00,FE,
0,00000380,false,Rx,0,8,B0,80,00,76,20,00,00,FE,
0,00000588,false,Rx,0,8,0B,00,72,00,00,80,00,00,
0,00000380,false,Rx,0,8,B0,80,00,76,20,00,00,FE,
0,00000380,false,Rx,0,8,B0,80,00,76,20,00,00,FE,
0,00000588,false,Rx,0,8,0B,00,72,00,00,80,00,00,
0,00000380,false,Rx,0,8,B0,80,00,76,20,00,00,FE,
0,00000380,false,Rx,0,8,B0,80,00,76,20,00,00,FE,
0,00000588,false,Rx,0,8,0B,00,72,00,00,80,00,00,
0,00000380,false,Rx,0,8,B0,80,00,76,20,00,00,FE,
0,00000380,false,Rx,0,8,B0,80,00,76,20,00,00,FE,
0,00000588,false,Rx,0,8,0B,00,72,00,00,80,00,00,
0,00000380,false,Rx,0,8,B0,80,00,76,20,00,00,FE,
0,00000380,false,Rx,0,8,B0,80,00,76,20,00,00,FE,
0,00000588,false,Rx,0,8,0B,00,72,00,00,80,00,00,
0,00000380,false,Rx,0,8,B0,80,00,76,20,00,00,FE,
0,00000380,false,Rx,0,8,B0,80,00,76,20,00,00,FE,
0,00000588,false,Rx,0,8,0B,00,72,00,00,80,00,00,
0,00000380,false,Rx,0,8,B0,80,00,76,20,00,00,FE,
0,00000380,false,Rx,0,8,B0,80,00,76,20,00,00,FE,
1000,00000588,false,Rx,0,8,0B,00,72,00,00,80,00,00,
0,00000380,false,Rx,0,8,B0,80,00,76,20,00,00,FE,
0,00000300,false,Rx,0,6,A1,0F,8A,FF,4A,FF,00,00,
0,00000380,false,Rx,0,8,B0,80,00,76,20,00,00,FE,
0,00000588,false,Rx,0,8,0B,00,72,00,00,80,00,00,
0,00000380,false,Rx,0,8,B0,80,00,76,20,00,00,FE,
0,00000380,false,Rx,0,8,B0,80,00,76,20,00,00,FE,
37000,00000588,false,Rx,0,8,0B,00,72,00,00,80,00,00,
0,00000380,false,Rx,0,8,B0,80,00,76,20,00,00,FE,
0,00000380,false,Rx,0,8,B0,80,00,76,20,00,00,FE,
0,00000588,false,Rx,0,8,0B,00,72,00,00,80,00,00,
0,00000380,false,Rx,0,8,B0,80,00,76,20,00,00,FE,
0,00000380,false,Rx,0,8,B0,80,00,76,20,00,00,FE,
0,00000588,false,Rx,0,8,0B,00,72,00,00,80,00,00,
0,00000380,false,Rx,0,8,B0,80,00,76,20,00,00,FE,
0,00000380,false,Rx,0,8,B0,80,00,76,20,00,00,FE,
0,00000588,false,Rx,0,8,0B,00,72,00,00,80,00,00,
0,00000380,false,Rx,0,8,B0,80,00,76,20,00,00,FE,
0,00000380,false,Rx,0,8,B0,80,00,76,20,00,00,FE,
0,00000588,false,Rx,0,8,0B,00,72,00,00,80,00,00,
0,00000380,false,Rx,0,8,B0,80,00,76,20,00,00,FE,
0,00000380,false,Rx,0,8,B0,80,00,76,20,00,00,FE,
0,00000588,false,Rx,0,8,0B,00,72,00,00,80,00,00,
0,00000380,false,Rx,0,8,B0,80,00,76,20,00,00,FE,
0,00000380,false,Rx,0,8,B0,80,00,76,20,00,00,FE,
0,00000588,false,Rx,0,8,0B,00,72,00,00,80,00,00,
0,00000380,false,Rx,0,8,B0,80,00,76,20,00,00,FE,
0,00000380,false,Rx,0,8,B0,80,00,76,20,00,00,FE,
0,00000588,false,Rx,0,8,0B,00,72,00,00,80,00,00,
0,00000380,false,Rx,0,8,B0,80,00,76,20,00,00,FE,
0,00000380,false,Rx,0,8,B0,80,00,76,20,00,00,FE,
0,00000588,false,Rx,0,8,0B,00,72,00,00,80,00,00,
0,00000380,false,Rx,0,8,B0,80,00,76,20,00,00,FE,
0,00000380,false,Rx,0,8,B0,80,00,76,20,00,00,FE,
0,00000588,false,Rx,0,8,0B,00,72,00,00,80,00,00,
0,00000380,false,Rx,0,8,B0,80,00,76,20,00,00,FE,
0,00000380,false,Rx,0,8,B0,80,00,76,20,00,00,FE,
238000,00000588,false,Rx,0,8,0B,00,72,00,00,80,00,00,
0,00000380,false,Rx,0,8,B0,80,00,76,20,00,00,FE,
0,00000380,false,Rx,0,8,B0,80,00,76,20,00,00,FE,
0,00000588,false,Rx,0,8,0B,00,72,00,00,80,00,00,
0,00000380,false,Rx,0,8,B0,80,00,76,20,00,00,FE,
0,00000380,false,Rx,0,8,B0,80,00,76,20,00,00,FE,
0,00000588,false,Rx,0,8,0B,00,72,00,00,80,00,00,
0,00000380,false,Rx,0,8,B0,80,00,76,20,00,00,FE,
0,00000380,false,Rx,0,8,B0,80,00,76,20,00,00,FE,
0,00000588,false,Rx,0,8,0B,00,72,00,00,80,00,00,
0,00000380,false,Rx,0,8,B0,80,00,76,20,00,00,FE,
0,00000380,false,Rx,0,8,B0,80,00,76,20,00,00,FE,
0,00000588,false,Rx,0,8,0B,00,72,00,00,80,00,00,
0,00000380,false,Rx,0,8,B0,80,00,76,20,00,00,FE,
0,00000380,false,Rx,0,8,B0,80,00,76,20,00,00,FE,
0,00000588,false,Rx,0,8,0B,00,72,00,00,80,00,00,
0,00000380,false,Rx,0,8,B0,80,00,76,20,00,00,FE,
0,00000380,false,Rx,0,8,B0,80,00,76,20,00,00,FE,
0,00000588,false,Rx,0,8,0B,00,72,00,00,80,00,00,
0,00000380,false,Rx,0,8,B0,80,00,76,20,00,00,FE,
0,00000380,false,Rx,0,8,B0,80,00,76,20,00,00,FE,
382000,00000588,false,Rx,0,8,0B,00,72,00,00,80,00,00,
0,00000380,false,Rx,0,8,B0,80,00,76,20,00,00,FE,
0,00000380,false,Rx,0,8,B0,80,00,76,20,00,00,FE,
0,00000588,false,Rx,0,8,0B,00,72,00,00,80,00,00,
0,00000380,false,Rx,0,8,B0,80,00,76,20,00,00,FE,
0,00000380,false,Rx,0,8,B0,80,00,76,20,00,00,FE,
419000,00000588,false,Rx,0,8,0B,00,72,00,00,80,00,00,
0,00000380,false,Rx,0,8,B0,80,00,76,20,00,00,FE,
0,00000380,false,Rx,0,8,B0,80,00,76,20,00,00,FE,
0,00000588,false,Rx,0,8,0B,00,72,00,00,80,00,00,
0,00000380,false,Rx,0,8,B0,80,00,76,20,00,00,FE,
0,00000380,false,Rx,0,8,B0,80,00,76,20,00,00,FE,
0,00000588,false,Rx,0,8,0B,00,72,00,00,80,00,00,
0,00000380,false,Rx,0,8,B0,80,00,76,20,00,00,FE,
0,00000380,false,Rx,0,8,B0,80,00,76,20,00,00,FE,
0,00000588,false,Rx,0,8,0B,00,72,00,00,80,00,00,
0,00000380,false,Rx,0,8,B0,80,00,76,20,00,00,FE,
0,00000380,false,Rx,0,8,B0,80,00,76,20,00,00,FE,
0,00000588,false,Rx,0,8,0B,00,72,00,00,80,00,00,
0,00000380,false,Rx,0,8,B0,80,00,76,20,00,00,FE,
0,00000300,false,Rx,0,6,A1,0F,8A,FF,4A,FF,00,00,
0,00000380,false,Rx,0,8,B0,80,00,76,20,00,00,FE,
0,00000588,false,Rx,0,8,0B,00,72,00,00,80,00,00,
0,00000380,false,Rx,0,8,B0,80,00,76,20,00,00,FE,
0,00000380,false,Rx,0,8,B0,80,00,76,20,00,00,FE,
0,00000588,false,Rx,0,8,0B,00,72,00,00,80,00,00,
0,00000380,false,Rx,0,8,B0,80,00,76,20,00,00,FE,
0,00000380,false,Rx,0,8,B0,80,00,76,20,00,00,FE,
562000,00000588,false,Rx,0,8,0B,00,72,00,00,80,00,00,
0,00000380,false,Rx,0,8,B0,80,00,76,20,00,00,FE,
0,00000380,false,Rx,0,8,B0,80,00,76,20,00,00,FE,
0,00000588,false,Rx,0,8,0B,00,72,00,00,80,00,00,
0,00000380,false,Rx,0,8,B0,80,00,76,20,00,00,FE,
0,00000380,false,Rx,0,8,B0,80,00,76,20,00,00,FE,
599000,00000588,false,Rx,0,8,0B,00,72,00,00,80,00,00,
0,00000380,false,Rx,0,8,B0,80,00,76,20,00,00,FE,
0,00000380,false,Rx,0,8,B0,80,00,76,20,00,00,FE,
619000,00000588,false,Rx,0,8,0B,00,72,00,00,80,00,00,
0,00000380,false,Rx,0,8,B0,80,00,76,20,00,00,FE,
0,00000380,false,Rx,0,8,B0,80,00,76,20,00,00,FE,
0,00000588,false,Rx,0,8,0B,00,72,00,00,80,00,00,
0,00000380,false,Rx,0,8,B0,80,00,76,20,00,00,FE,
0,00000380,false,Rx,0,8,B0,80,00,76,20,00,00,FE,
0,00000588,false,Rx,0,8,0B,00,72,00,00,80,00,00,
0,00000380,false,Rx,0,8,B0,80,00,76,20,00,00,FE,
0,00000380,false,Rx,0,8,B0,80,00,76,20,00,00,FE,
0,00000588,false,Rx,0,8,0B,00,72,00,00,80,00,00,
0,00000380,false,Rx,0,8,B0,80,00,76,20,00,00,FE,
0,00000380,false,Rx,0,8,B0,80,00,76,20,00,00,FE,
0,00000588,false,Rx,0,8,0B,00,72,00,00,80,00,00,
0,00000380,false,Rx,0,8,B0,80,00,76,20,00,00,FE,
0,00000380,false,Rx,0,8,B0,80,00,76,20,00,00,FE,
0,00000588,false,Rx,0,8,0B,00,72,00,00,80,00,00,
0,00000380,false,Rx,0,8,B0,80,00,76,20,00,00,FE,
0,00000380,false,Rx,0,8,B0,80,00,76,20,00,00,FE,
0,00000588,false,Rx,0,8,0B,00,72,00,00,80,00,00,
0,00000380,false,Rx,0,8,B0,80,00,76,20,00,00,FE,
0,00000380,false,Rx,0,8,B0,80,00,76,20,00,00,FE,
0,00000588,false,Rx,0,8,0B,00,72,00,00,80,00,00,
0,00000380,false,Rx,0,8,B0,80,00,76,20,00,00,FE,
767000,00000300,false,Rx,0,8,26,50,47,2D,38,31,30,30,
0,00000380,false,Rx,0,8,B0,80,00,76,20,00,00,FE,
0,00000300,false,Rx,0,8,28,2D,2D,48,31,34,2D,2D,
0,00000380,false,Rx,0,8,B0,80,00,76,20,00,00,FE,
0,00000288,false,Rx,0,8,64,5B,D5,00,00,6B,57,8C,
800000,00000588,false,Rx,0,8,0B,00,72,00,00,80,00,00,
0,00000380,false,Rx,0,8,B0,80,00,76,20,00,00,FE,
0,00000380,false,Rx,0,8,B0,80,00,76,20,00,00,FE,
0,00000588,false,Rx,0,8,0B,00,72,00,00,80,00,00,
0,00000380,false,Rx,0,8,B0,80,00,76,20,00,00,FE,
0,00000300,false,Rx,0,1,B7,00,00,00,00,00,00,00,
0,00000380,false,Rx,0,8,B0,80,00,76,20,00,00,FE,
0,00000588,false,Rx,0,8,0B,00,72,00,00,80,00,00,
0,00000380,false,Rx,0,8,B0,80,00,76,20,00,00,FE,
0,00000380,false,Rx,0,8,B0,80,00,76,20,00,00,FE,
0,00000300,false,Rx,0,8,2C,00,06,5A,9C,00,02,02,
0,00000588,false,Rx,0,8,0B,00,72,00,00,80,00,00,
0,00000380,false,Rx,0,8,B0,80,00,76,20,00,00,FE,
0,00000740,false,Rx,0,1,BE,00,00,00,00,00,00,00,
0,00000380,false,Rx,0,8,B0,80,00,76,20,00,00,FE,
0,00000588,false,Rx,0,8,0B,00,72,00,00,80,00,00,
0,00000380,false,Rx,0,8,B0,80,00,76,20,00,00,FE,
0,00000380,false,Rx,0,8,B0,80,00,76,20,00,00,FE,
0,00000300,false,Rx,0,1,B9,00,00,00,00,00,00,00,
0,00000588,false,Rx,0,8,0B,00,72,00,00,80,00,00,
0,00000380,false,Rx,0,8,B0,80,00,76,20,00,00,FE,
0,00000300,false,Rx,0,6,1E,00,03,7F,5A,11,00,00,
0,00000380,false,Rx,0,8,B0,80,00,76,20,00,00,FE,
0,00000588,false,Rx,0,8,0B,00,72,00,00,80,00,00,
0,00000380,false,Rx,0,8,B0,80,00,76,20,00,00,FE,
0,00000300,false,Rx,0,1,BA,00,00,00,00,00,00,00,
0,00000380,false,Rx,0,8,B0,80,00,76,20,00,00,FE,
0,00000300,false,Rx,0,8,20,30,30,20,08,41,34,2E,
0,00000380,false,Rx,0,8,B0,80,00,76,20,00,00,FE,
0,00000380,false,Rx,0,8,B0,80,00,76,20,00,00,FE,
0,00000588,false,Rx,0,8,0B,00,72,00,00,80,00,00,
0,00000380,false,Rx,0,8,B0,80,00,76,20,00,00,FE,
0,00000380,false,Rx,0,8,B0,80,00,76,20,00,00,FE,
0,00000588,false,Rx,0,8,0B,00,72,00,00,80,00,00,
0,00000380,false,Rx,0,8,B0,80,00,76,20,00,00,FE,
988000,00000300,false,Rx,0,6,12,00,03,7F,5A,11,00,00,
0,00000380,false,Rx,0,8,B0,80,00,76,20,00,00,FE,
0,00000588,false,Rx,0,8,0B,00,72,00,00,80,00,00,
0,00000380,false,Rx,0,8,B0,80,00,76,20,00,00,FE,
8000,00000300,false,Rx,0,1,BC,00,00,00,00,00,00,00,
0,00000380,false,Rx,0,8,B0,80,00,76,20,00,00,FE,
0,00000300,false,Rx,0,8,24,30,39,30,37,31,31,35,
0,00000380,false,Rx,0,8,B0,80,00,76,20,00,00,FE,
0,00000380,false,Rx,0,8,B0,80,00,76,20,00,00,FE,
0,00000588,false,Rx,0,8,0B,00,72,00,00,80,00,00,
0,00000380,false,Rx,0,8,B0,80,00,76,20,00,00,FE,
0,00000380,false,Rx,0,8,B0,80,00,76,20,00,00,FE,
0,00000588,false,Rx,0,8,0B,00,72,00,00,80,00,00,
0,00000380,false,Rx,0,8,B0,80,00,76,20,00,00,FE,
0,00000380,false,Rx,0,8,B0,80,00,76,20,00,00,FE,
0,00000740,false,Rx,0,3,1C,00,00,00,00,00,00,00,
0,00000300,false,Rx,0,1,BD,00,00,00,00,00,00,00,
0,00000380,false,Rx,0,8,B0,80,00,76,20,00,00,FE,
0,00000300,false,Rx,0,6,16,00,03,7F,5A,11,00,00,
0,00000380,false,Rx,0,8,B0,80,00,76,20,00,00,FE,
0,00000588,false,Rx,0,8,0B,00,72,00,00,80,00,00,
0,00000380,false,Rx,0,8,B0,80,00,76,20,00,00,FE,
0,00000380,false,Rx,0,8,B0,80,00,76,20,00,00,FE,
0,00000300,false,Rx,0,5,18,7C,28,02,FF,00,00,00,
0,00000588,false,Rx,0,8,0B,00,72,00,00,80,00,00,
0,00000380,false,Rx,0,8,B0,80,00,76,20,00,00,FE,
0,00000380,false,Rx,0,8,B0,80,00,76,20,00,00,FE,
144000,00000588,false,Rx,0,8,0B,00,72,00,00,80,00,00,
0,00000380,false,Rx,0,8,B0,80,00,76,20,00,00,FE,
0,00000380,false,Rx,0,8,B0,80,00,76,20,00,00,FE,
0,00000300,false,Rx,0,8,29,00,13,5A,90,57,56,57,
0,00000380,false,Rx,0,8,B0,80,00,76,20,00,00,FE,
0,00000380,false,Rx,0,8,B0,80,00,76,20,00,00,FE,
180000,00000588,false,Rx,0,8,0B,00,72,00,00,80,00,00,
0,00000380,false,Rx,0,8,B0,80,00,76,20,00,00,FE,
0,00000380,false,Rx,0,8,B0,80,00,76,20,00,00,FE,
0,00000588,false,Rx,0,8,0B,00,72,00,00,80,00,00,
0,00000380,false,Rx,0,8,B0,80,00,76,20,00,00,FE,
0,00000380,false,Rx,0,8,B0,80,00,76,20,00,00,FE,
0,00000588,false,Rx,0,8,0B,00,72,00,00,80,00,00,
0,00000380,false,Rx,0,8,B0,80,00,76,20,00,00,FE,
0,00000380,false,Rx,0,8,B0,80,00,76,20,00,00,FE,
0,00000300,false,Rx,0,6,1D,00,03,7F,1A,12,00,00,
0,00000588,false,Rx,0,8,0B,00,72,00,00,80,00,00,
0,00000380,false,Rx,0,8,B0,80,00,76,20,00,00,FE,
0,00000380,false,Rx,0,8,B0,80,00,76,20,00,00,FE,
0,00000588,false,Rx,0,8,0B,00,72,00,00,80,00,00,
0,00000380,false,Rx,0,8,B0,80,00,76,20,00,00,FE,
0,00000380,false,Rx,0,8,B0,80,00,76,20,00,00,FE,
0,00000588,false,Rx,0,8,0B,00,72,00,00,80,00,00,
0,00000380,false,Rx,0,8,B0,80,00,76,20,00,00,FE,
0,00000380,false,Rx,0,8,B0,80,00,76,20,00,00,FE,
0,00000588,false,Rx,0,8,0B,00,72,00,00,80,00,00,
0,00000380,false,Rx,0,8,B0,80,00,76,20,00,00,FE,
0,00000380,false,Rx,0,8,B0,80,00,76,20,00,00,FE,
324000,00000588,false,Rx,0,8,0B,00,72,00,00,80,00,00,
0,00000380,false,Rx,0,8,B0,80,00,76,20,00,00,FE,
0,00000380,false,Rx,0,8,B0,80,00,76,20,00,00,FE,
0,00000588,false,Rx,0,8,0B,00,72,00,00,80,00,00,
0,00000380,false,Rx,0,8,B0,80,00,76,20,00,00,FE,
0,00000380,false,Rx,0,8,B0,80,00,76,20,00,00,FE,
361000,00000588,false,Rx,0,8,0B,00,72,00,00,80,00,00,
0,00000380,false,Rx,0,8,B0,80,00,76,20,00,00,FE,
0,00000380,false,Rx,0,8,B0,80,00,76,20,00,00,FE,
0,00000588,false,Rx,0,8,0B,00,72,00,00,80,00,00,
0,00000380,false,Rx,0,8,B0,80,00,76,20,00,00,FE,
0,00000380,false,Rx,0,8,B0,80,00,76,20,00,00,FE,
0,00000588,false,Rx,0,8,0B,00,72,00,00,80,00,00,
0,00000380,false,Rx,0,8,B0,80,00,76,20,00,00,FE,
0,00000380,false,Rx,0,8,B0,80,00,76,20,00,00,FE,
0,00000588,false,Rx,0,8,0B,00,72,00,00,80,00,00,
0,00000380,false,Rx,0,8,B0,80,00,76,20,00,00,FE,
0,00000380,false,Rx,0,8,B0,80,00,76,20,00,00,FE,
0,00000588,false,Rx,0,8,0B,00,72,00,00,80,00,00,
0,00000380,false,Rx,0,8,B0,80,00,76,20,00,00,FE,
0,00000380,false,Rx,0,8,B0,80,00,76,20,00,00,FE,
0,00000588,false,Rx,0,8,0B,00,72,00,00,80,00,00,
0,00000380,false,Rx,0,8,B0,80,00,76,20,00,00,FE,
0,00000380,false,Rx,0,8,B0,80,00,76,20,00,00,FE,
0,00000588,false,Rx,0,8,0B,00,72,00,00,80,00,00,
0,00000380,false,Rx,0,8,B0,80,00,76,20,00,00,FE,
0,00000380,false,Rx,0,8,B0,80,00,76,20,00,00,FE,
504000,00000588,false,Rx,0,8,0B,00,72,00,00,80,00,00,
0,00000380,false,Rx,0,8,B0,80,00,76,20,00,00,FE,
0,00000380,false,Rx,0,8,B0,80,00,76,20,00,00,FE,
0,00000588,false,Rx,0,8,0B,00,72,00,00,80,00,00,
0,00000380,false,Rx,0,8,B0,80,00,76,20,00,00,FE,
0,00000380,false,Rx,0,8,B0,80,00,76,20,00,00,FE,
0,00000588,false,Rx,0,8,0B,00,72,00,00,80,00,00,
0,00000380,false,Rx,0,8,B0,80,00,76,20,00,00,FE,
0,00000380,false,Rx,0,8,B0,80,00,76,20,00,00,FE,
561000,00000588,false,Rx,0,8,0B,00,72,00,00,80,00,00,
0,00000380,false,Rx,0,8,B0,80,00,76,20,00,00,FE,
0,00000380,false,Rx,0,8,B0,80,00,76,20,00,00,FE,
0,00000588,false,Rx,0,8,0B,00,72,00,00,80,00,00,
0,00000380,false,Rx,0,8,B0,80,00,76,20,00,00,FE,
0,00000380,false,Rx,0,8,B0,80,00,76,20,00,00,FE,
0,00000588,false,Rx,0,8,0B,00,72,00,00,80,00,00,
0,00000380,false,Rx,0,8,B0,80,00,76,20,00,00,FE,
0,00000380,false,Rx,0,8,B0,80,00,76,20,00,00,FE,
0,00000588,false,Rx,0,8,0B,00,72,00,00,80,00,00,
0,00000380,false,Rx,0,8,B0,80,00,76,20,00,00,FE,
0,00000380,false,Rx,0,8,B0,80,00,76,20,00,00,FE,
0,00000588,false,Rx,0,8,0B,00,72,00,00,80,00,00,
0,00000380,false,Rx,0,8,B0,80,00,76,20,00,00,FE,
0,00000380,false,Rx,0,8,B0,80,00,76,20,00,00,FE,
0,00000588,false,Rx,0,8,0B,00,72,00,00,80,00,00,
0,00000380,false,Rx,0,8,B0,80,00,76,20,00,00,FE,
0,00000380,false,Rx,0,8,B0,80,00,76,20,00,00,FE,
0,00000588,false,Rx,0,8,0B,00,72,00,00,80,00,00,
0,00000380,false,Rx,0,8,B0,80,00,76,20,00,00,FE,
0,00000380,false,Rx,0,8,B0,80,00,76,20,00,00,FE,
705000,00000588,false,Rx,0,8,0B,00,72,00,00,80,00,00,
0,00000380,false,Rx,0,8,B0,80,00,76,20,00,00,FE,
0,00000380,false,Rx,0,8,B0,80,00,76,20,00,00,FE,
0,00000588,false,Rx,0,8,0B,00,72,00,00,80,00,00,
0,00000380,false,Rx,0,8,B0,80,00,76,20,00,00,FE,
0,00000380,false,Rx,0,8,B0,80,00,76,20,00,00,FE,
742000,00000588,false,Rx,0,8,0B,00,72,00,00,80,00,00,
0,00000380,false,Rx,0,8,B0,80,00,76,20,00,00,FE,
0,00000380,false,Rx,0,8,B0,80,00,76,20,00,00,FE,
0,00000588,false,Rx,0,8,0B,00,72,00,00,80,00,00,
0,00000380,false,Rx,0,8,B0,80,00,76,20,00,00,FE,
0,00000380,false,Rx,0,8,B0,80,00,76,20,00,00,FE,
0,00000588,false,Rx,0,8,0B,00,72,00,00,80,00,00,
0,00000380,false,Rx,0,8,B0,80,00,76,20,00,00,FE,
0,00000380,false,Rx,0,8,B0,80,00,76,20,00,00,FE,
0,00000588,false,Rx,0,8,0B,00,72,00,00,80,00,00,
0,00000380,false,Rx,0,8,B0,80,00,76,20,00,00,FE,
0,00000380,false,Rx,0,8,B0,80,00,76,20,00,00,FE,
0,00000588,false,Rx,0,8,0B,00,72,00,00,80,00,00,
0,00000380,false,Rx,0,8,B0,80,00,76,20,00,00,FE,
0,00000380,false,Rx,0,8,B0,80,00,76,20,00,00,FE,
0,00000588,false,Rx,0,8,0B,00,72,00,00,80,00,00,
0,00000380,false,Rx,0,8,B0,80,00,76,20,00,00,FE,
0,00000380,false,Rx,0,8,B0,80,00,76,20,00,00,FE,
0,00000588,false,Rx,0,8,0B,00,72,00,00,80,00,00,
0,00000380,false,Rx,0,8,B0,80,00,76,20,00,00,FE,
0,00000380,false,Rx,0,8,B0,80,00,76,20,00,00,FE,
885000,00000588,false,Rx,0,8,0B,00,72,00,00,80,00,00,
0,00000380,false,Rx,0,8,B0,80,00,76,20,00,00,FE,
0,00000380,false,Rx,0,8,B0,80,00,76,20,00,00,FE,
0,00000588,false,Rx,0,8,0B,00,72,00,00,80,00,00,
0,00000380,false,Rx,0,8,B0,80,00,76,20,00,00,FE,
0,00000380,false,Rx,0,8,B0,80,00,76,20,00,00,FE,
922000,00000588,false,Rx,0,8,0B,00,72,00,00,80,00,00,
0,00000380,false,Rx,0,8,B0,80,00,76,20,00,00,FE,
0,00000380,false,Rx,0,8,B0,80,00,76,20,00,00,FE,
0,00000588,false,Rx,0,8,0B,00,72,00,00,80,00,00,
0,00000380,false,Rx,0,8,B0,80,00,76,20,00,00,FE,
0,00000380,false,Rx,0,8,B0,80,00,76,20,00,00,FE,
0,00000588,false,Rx,0,8,0B,00,72,00,00,80,00,00,
0,00000380,false,Rx,0,8,B0,80,00,76,20,00,00,FE,
0,00000380,false,Rx,0,8,B0,80,00,76,20,00,00,FE,
0,00000588,false,Rx,0,8,0B,00,72,00,00,80,00,00,
0,00000380,false,Rx,0,8,B0,80,00,76,20,00,00,FE,
0,00000380,false,Rx,0,8,B0,80,00,76,20,00,00,FE,
0,00000588,false,Rx,0,8,0B,00,72,00,00,80,00,00,
0,00000380,false,Rx,0,8,B0,80,00,76,20,00,00,FE,
0,00000380,false,Rx,0,8,B0,80,00,76,20,00,00,FE,
0,00000588,false,Rx,0,8,0B,00,72,00,00,80,00,00,
0,00000380,false,Rx,0,8,B0,80,00,76,20,00,00,FE,
0,00000380,false,Rx,0,8,B0,80,00,76,20,00,00,FE,
0,00000588,false,Rx,0,8,0B,00,72,00,00,80,00,00,
0,00000380,false,Rx,0,8,B0,80,00,76,20,00,00,FE,
0,00000380,false,Rx,0,8,B0,80,00,76,20,00,00,FE,
0,00000588,false,Rx,0,8,0B,00,72,00,00,80,00,00,
0,00000380,false,Rx,0,8,B0,80,00,76,20,00,00,FE,
0,00000380,false,Rx,0,8,B0,80,00,76,20,00,00,FE,
86000,00000588,false,Rx,0,8,0B,00,72,00,00,80,00,00,
0,00000380,false,Rx,0,8,B0,80,00,76,20,00,00,FE,
0,00000380,false,Rx,0,8,B0,80,00,76,20,00,00,FE,
0,00000300,false,Rx,0,6,A1,0F,8A,FF,4A,FF,00,00,
0,00000588,false,Rx,0,8,0B,00,72,00,00,80,00,00,
0,00000380,false,Rx,0,8,B0,80,00,76,20,00,00,FE,
0,00000380,false,Rx,0,8,B0,80,00,76,20,00,00,FE,
122000,00000588,false,Rx,0,8,0B,00,72,00,00,80,00,00,
0,00000380,false,Rx,0,8,B0,80,00,76,20,00,00,FE,
0,00000380,false,Rx,0,8,B0,80,00,76,20,00,00,FE,
0,00000588,false,Rx,0,8,0B,00,72,00,00,80,00,00,
0,00000380,false,Rx,0,8,B0,80,00,76,20,00,00,FE,
0,00000380,false,Rx,0,8,B0,80,00,76,20,00,00,FE,
0,00000588,false,Rx,0,8,0B,00,72,00,00,80,00,00,
0,00000380,false,Rx,0,8,B0,80,00,76,20,00,00,FE,
0,00000380,false,Rx,0,8,B0,80,00,76,20,00,00,FE,
0,00000588,false,Rx,0,8,0B,00,72,00,00,80,00,00,
0,00000380,false,Rx,0,8,B0,80,00,76,20,00,00,FE,
0,00000380,false,Rx,0,8,B0,80,00,76,20,00,00,FE,
0,00000588,false,Rx,0,8,0B,00,72,00,00,80,00,00,
0,00000380,false,Rx,0,8,B0,80,00,76,20,00,00,FE,
0,00000380,false,Rx,0,8,B0,80,00,76,20,00,00,FE,
0,00000588,false,Rx,0,8,0B,00,72,00,00,80,00,00,
0,00000380,false,Rx,0,8,B0,80,00,76,20,00,00,FE,
0,00000380,false,Rx,0,8,B0,80,00,76,20,00,00,FE,
0,00000588,false,Rx,0,8,0B,00,72,00,00,80,00,00,
0,00000380,false,Rx,0,8,B0,80,00,76,20,00,00,FE,
0,00000380,false,Rx,0,8,B0,80,00,76,20,00,00,FE,
266000,00000588,false,Rx,0,8,0B,00,72,00,00,80,00,00,
0,00000380,false,Rx,0,8,B0,80,00,76,20,00,00,FE,
0,00000380,false,Rx,0,8,B0,80,00,76,20,00,00,FE,
0,00000588,false,Rx,0,8,0B,00,72,00,00,80,00,00,
0,00000380,false,Rx,0,8,B0,80,00,76,20,00,00,FE,
0,00000380,false,Rx,0,8,B0,80,00,76,20,00,00,FE,
303000,00000588,false,Rx,0,8,0B,00,72,00,00,80,00,00,
0,00000380,false,Rx,0,8,B0,80,00,76,20,00,00,FE,
0,00000380,false,Rx,0,8,B0,80,00,76,20,00,00,FE,
0,00000588,false,Rx,0,8,0B,00,72,00,00,80,00,00,
0,00000380,false,Rx,0,8,B0,80,00,76,20,00,00,FE,
0,00000380,false,Rx,0,8,B0,80,00,76,20,00,00,FE,
0,00000588,false,Rx,0,8,0B,00,72,00,00,80,00,00,
0,00000380,false,Rx,0,8,B0,80,00,76,20,00,00,FE,
0,00000380,false,Rx,0,8,B0,80,00,76,20,00,00,FE,
0,00000588,false,Rx,0,8,0B,00,72,00,00,80,00,00,
0,00000380,false,Rx,0,8,B0,80,00,76,20,00,00,FE,
0,00000380,false,Rx,0,8,B0,80,00,76,20,00,00,FE,
0,00000588,false,Rx,0,8,0B,00,72,00,00,80,00,00,
0,00000380,false,Rx,0,8,B0,80,00,76,20,00,00,FE,
0,00000380,false,Rx,0,8,B0,80,00,76,20,00,00,FE,
0,00000588,false,Rx,0,8,0B,00,72,00,00,80,00,00,
0,00000380,false,Rx,0,8,B0,80,00,76,20,00,00,FE,
0,00000380,false,Rx,0,8,B0,80,00,76,20,00,00,FE,
0,00000588,false,Rx,0,8,0B,00,72,00,00,80,00,00,
0,00000380,false,Rx,0,8,B0,80,00,76,20,00,00,FE,
0,00000380,false,Rx,0,8,B0,80,00,76,20,00,00,FE,
446000,00000588,false,Rx,0,8,0B,00,72,00,00,80,00,00,
0,00000380,false,Rx,0,8,B0,80,00,76,20,00,00,FE,
0,00000380,false,Rx,0,8,B0,80,00,76,20,00,00,FE,
0,00000588,false,Rx,0,8,0B,00,72,00,00,80,00,00,
0,00000380,false,Rx,0,8,B0,80,00,76,20,00,00,FE,
0,00000380,false,Rx,0,8,B0,80,00,76,20,00,00,FE,
0,00000588,false,Rx,0,8,0B,00,72,00,00,80,00,00,
0,00000380,false,Rx,0,8,B0,80,00,76,20,00,00,FE,
0,00000380,false,Rx,0,8,B0,80,00,76,20,00,00,FE,
503000,00000588,false,Rx,0,8,0B,00,72,00,00,80,00,00,
0,00000380,false,Rx,0,8,B0,80,00,76,20,00,00,FE,
0,00000380,false,Rx,0,8,B0,80,00,76,20,00,00,FE,
0,00000588,false,Rx,0,8,0B,00,72,00,00,80,00,00,
0,00000380,false,Rx,0,8,B0,80,00,76,20,00,00,FE,
0,00000380,false,Rx,0,8,B0,80,00,76,20,00,00,FE,
0,00000588,false,Rx,0,8,0B,00,72,00,00,80,00,00,
0,00000380,false,Rx,0,8,B0,80,00,76,20,00,00,FE,
0,00000380,false,Rx,0,8,B0,80,00,76,20,00,00,FE,
0,00000588,false,Rx,0,8,0B,00,72,00,00,80,00,00,
0,00000380,false,Rx,0,8,B0,80,00,76,20,00,00,FE,
0,00000380,false,Rx,0,8,B0,80,00,76,20,00,00,FE,
0,00000588,false,Rx,0,8,0B,00,72,00,00,80,00,00,
0,00000380,false,Rx,0,8,B0,80,00,76,20,00,00,FE,
0,00000380,false,Rx,0,8,B0,80,00,76,20,00,00,FE,
0,00000588,false,Rx,0,8,0B,00,72,00,00,80,00,00,
0,00000380,false,Rx,0,8,B0,80,00,76,20,00,00,FE,
0,00000380,false,Rx,0,8,B0,80,00,76,20,00,00,FE,
0,00000588,false,Rx,0,8,0B,00,72,00,00,80,00,00,
0,00000380,false,Rx,0,8,B0,80,00,76,20,00,00,FE,
0,00000380,false,Rx,0,8,B0,80,00,76,20,00,00,FE,
647000,00000588,false,Rx,0,8,0B,00,72,00,00,80,00,00,
0,00000380,false,Rx,0,8,B0,80,00,76,20,00,00,FE,
0,00000380,false,Rx,0,8,B0,80,00,76,20,00,00,FE,
0,00000740,false,Rx,0,1,A3,00,00,00,00,00,00,00,
0,00000300,false,Rx,0,6,A1,0F,8A,FF,4A,FF,00,00,
0,00000380,false,Rx,0,8,B0,80,00,76,20,00,00,FE,
0,00000380,false,Rx,0,8,B0,80,00,76,20,00,00,FE,
684000,00000588,false,Rx,0,8,0B,00,72,00,00,80,00,00,
0,00000380,false,Rx,0,8,B0,80,00,76,20,00,00,FE,
0,00000380,false,Rx,0,8,B0,80,00,76,20,00,00,FE,
0,00000588,false,Rx,0,8,0B,00,72,00,00,80,00,00,
0,00000380,false,Rx,0,8,B0,80,00,76,20,00,00,FE,
0,00000380,false,Rx,0,8,B0,80,00,76,20,00,00,FE,
0,00000588,false,Rx,0,8,0B,00,72,00,00,80,00,00,
0,00000380,false,Rx,0,8,B0,80,00,76,20,00,00,FE,
0,00000380,false,Rx,0,8,B0,80,00,76,20,00,00,FE,
0,00000588,false,Rx,0,8,0B,00,72,00,00,80,00,00,
0,00000380,false,Rx,0,8,B0,80,00,76,20,00,00,FE,
0,00000380,false,Rx,0,8,B0,80,00,76,20,00,00,FE,
0,00000588,false,Rx,0,8,0B,00,72,00,00,80,00,00,
0,00000380,false,Rx,0,8,B0,80,00,76,20,00,00,FE,
0,00000380,false,Rx,0,8,B0,80,00,76,20,00,00,FE,
0,00000588,false,Rx,0,8,0B,00,72,00,00,80,00,00,
0,00000380,false,Rx,0,8,B0,80,00,76,20,00,00,FE,
0,00000380,false,Rx,0,8,B0,80,00,76,20,00,00,FE,
0,00000588,false,Rx,0,8,0B,00,72,00,00,80,00,00,
0,00000380,false,Rx,0,8,B0,80,00,76,20,00,00,FE,
0,00000380,false,Rx,0,8,B0,80,00,76,20,00,00,FE,
827000,00000588,false,Rx,0,8,0B,00,72,00,00,80,00,00,
0,00000380,false,Rx,0,8,B0,80,00,76,20,00,00,FE,
0,00000380,false,Rx,0,8,B0,80,00,76,20,00,00,FE,
0,00000284,false,Rx,0,6,09,09,00,00,00,00,00,00,
0,00000380,false,Rx,0,8,B0,80,00,76,20,00,00,FE,
0,00000380,false,Rx,0,8,B0,80,00,76,20,00,00,FE,
864000,00000588,false,Rx,0,8,0B,00,72,00,00,80,00,00,
0,00000380,false,Rx,0,8,B0,80,00,76,20,00,00,FE,
0,00000380,false,Rx,0,8,B0,80,00,76,20,00,00,FE,
0,00000284,false,Rx,0,6,0B,0B,00,00,00,00,00,00,
0,00000380,false,Rx,0,8,B0,80,00,76,20,00,00,FE,
0,00000380,false,Rx,0,8,B0,80,00,76,20,00,00,FE,
0,00000588,false,Rx,0,8,0B,00,72,00,00,80,00,00,
0,00000380,false,Rx,0,8,B0,80,00,76,20,00,00,FE,
0,00000380,false,Rx,0,8,B0,80,00,76,20,00,00,FE,
0,00000284,false,Rx,0,6,0D,0D,00,00,00,00,00,00,
0,00000380,false,Rx,0,8,B0,80,00,76,20,00,00,FE,
0,00000380,false,Rx,0,8,B0,80,00,76,20,00,00,FE,
0,00000588,false,Rx,0,8,0B,00,72,00,00,80,00,00,
0,00000380,false,Rx,0,8,B0,80,00,76,20,00,00,FE,
0,00000380,false,Rx,0,8,B0,80,00,76,20,00,00,FE,
0,00000284,false,Rx,0,6,0F,0F,00,00,00,00,00,00,
0,00000380,false,Rx,0,8,B0,80,00,76,20,00,00,FE,
0,00000380,false,Rx,0,8,B0,80,00,76,20,00,00,FE,
0,00000284,false,Rx,0,6,00,00,00,00,00,00,00,00,
0,00000380,false,Rx,0,8,B0,80,00,76,20,00,00,FE,
0,00000380,false,Rx,0,8,B0,80,00,76,20,00,00,FE,
0,00000284,false,Rx,0,6,01,01,00,00,00,00,00,00,
0,00000380,false,Rx,0,8,B0,80,00,76,20,00,00,FE,
0,00000380,false,Rx,0,8,B0,80,00,76,20,00,00,FE,
0,00000284,false,Rx,0,6,02,02,00,00,00,00,00,00,
0,00000380,false,Rx,0,8,B0,80,00,76,20,00,00,FE,
0,00000380,false,Rx,0,8,B0,80,00,76,20,00,00,FE,
0,00000284,false,Rx,0,6,03,03,00,00,00,00,00,00,
0,00000380,false,Rx,0,8,B0,80,00,76,20,00,00,FE,
0,00000380,false,Rx,0,8,B0,80,00,76,20,00,00,FE,
0,00000284,false,Rx,0,6,04,04,00,00,00,00,00,00,
0,00000380,false,Rx,0,8,B0,80,00,76,20,00,00,FE,
0,00000380,false,Rx,0,8,B0,80,00,76,20,00,00,FE,
0,00000284,false,Rx,0,6,05,05,00,00,00,00,00,00,
0,00000380,false,Rx,0,8,B0,80,00,76,20,00,00,FE,
0,00000380,false,Rx,0,8,B0,80,00,76,20,00,00,FE,
0,00000284,false,Rx,0,6,06,06,00,00,00,00,00,00,
0,00000380,false,Rx,0,8,B0,80,00,76,20,00,00,FE,
0,00000380,false,Rx,0,8,B0,80,00,76,20,00,00,FE,
0,00000284,false,Rx,0,6,07,07,00,00,00,00,00,00,
0,00000380,false,Rx,0,8,B0,80,00,76,20,00,00,FE,
0,00000380,false,Rx,0,8,B0,80,00,76,20,00,00,FE,
0,00000284,false,Rx,0,6,08,08,00,00,00,00,00,00,
0,00000380,false,Rx,0,8,B0,80,00,76,20,00,00,FE,
0,00000380,false,Rx,0,8,B0,80,00,76,20,00,00,FE,
0,00000284,false,Rx,0,6,09,09,00,00,00,00,00,00,
0,00000380,false,Rx,0,8,B0,80,00,76,20,00,00,FE,
0,00000380,false,Rx,0,8,B0,80,00,76,20,00,00,FE,
0,00000284,false,Rx,0,6,0A,0A,00,00,00,00,00,00,
0,00000380,false,Rx,0,8,B0,80,00,76,20,00,00,FE,
0,00000380,false,Rx,0,8,B0,80,00,76,20,00,00,FE,
0,00000284,false,Rx,0,6,0B,0B,00,00,00,00,00,00,
0,00000380,false,Rx,0,8,B0,80,00,76,20,00,00,FE,
0,00000380,false,Rx,0,8,B0,80,00,76,20,00,00,FE,
0,00000284,false,Rx,0,6,0C,0C,00,00,00,00,00,00,
0,00000380,false,Rx,0,8,B0,80,00,76,20,00,00,FE,
0,00000380,false,Rx,0,8,B0,80,00,76,20,00,00,FE,
0,00000284,false,Rx,0,6,0D,0D,00,00,00,00,00,00,
0,00000380,false,Rx,0,8,B0,80,00,76,20,00,00,FE,
0,00000380,false,Rx,0,8,B0,80,00,76,20,00,00,FE,
0,00000284,false,Rx,0,6,0E,0E,00,00,00,00,00,00,
0,00000380,false,Rx,0,8,B0,80,00,76,20,00,00,FE,
0,00000380,false,Rx,0,8,B0,80,00,76,20,00,00,FE,
0,00000284,false,Rx,0,6,0F,0F,00,00,00,00,00,00,
0,00000380,false,Rx,0,8,B0,80,00,76,20,00,00,FE,
0,00000380,false,Rx,0,8,B0,80,00,76,20,00,00,FE,
0,00000284,false,Rx,0,6,00,00,00,00,00,00,00,00,
0,00000380,false,Rx,0,8,B0,80,00,76,20,00,00,FE,
0,00000380,false,Rx,0,8,B0,80,00,76,20,00,00,FE,
0,00000284,false,Rx,0,6,01,01,00,00,00,00,00,00,
0,00000380,false,Rx,0,8,B0,80,00,76,20,00,00,FE,
0,00000380,false,Rx,0,8,B0,80,00,76,20,00,00,FE,
0,00000284,false,Rx,0,6,02,02,00,00,00,00,00,00,
0,00000380,false,Rx,0,8,B0,80,00,76,20,00,00,FE,
0,00000380,false,Rx,0,8,B0,80,00,76,20,00,00,FE,
0,00000284,false,Rx,0,6,03,03,00,00,00,00,00,00,
0,00000380,false,Rx,0,8,B0,80,00,76,20,00,00,FE,
0,00000380,false,Rx,0,8,B0,80,00,76,20,00,00,FE,
0,00000284,false,Rx,0,6,04,04,00,00,00,00,00,00,
0,00000380,false,Rx,0,8,B0,80,00,76,20,00,00,FE,
0,00000380,false,Rx,0,8,B0,80,00,76,20,00,00,FE,
0,00000284,false,Rx,0,6,05,05,00,00,00,00,00,00,
0,00000380,false,Rx,0,8,B0,80,00,76,20,00,00,FE,
0,00000380,false,Rx,0,8,B0,80,00,76,20,00,00,FE,
0,00000284,false,Rx,0,6,06,06,00,00,00,00,00,00,
0,00000380,false,Rx,0,8,B0,80,00,76,20,00,00,FE,
0,00000380,false,Rx,0,8,B0,80,00,76,20,00,00,FE,
0,00000284,false,Rx,0,6,07,07,00,00,00,00,00,00,
0,00000380,false,Rx,0,8,B0,80,00,76,20,00,00,FE,
0,00000380,false,Rx,0,8,B0,80,00,76,20,00,00,FE,
0,00000284,false,Rx,0,6,08,08,00,00,00,00,00,00,
0,00000380,false,Rx,0,8,B0,80,00,76,20,00,00,FE,
0,00000380,false,Rx,0,8,B0,80,00,76,20,00,00,FE,
0,00000284,false,Rx,0,6,09,09,00,00,00,00,00,00,
0,00000380,false,Rx,0,8,B0,80,00,76,20,00,00,FE,
0,00000380,false,Rx,0,8,B0,80,00,76,20,00,00,FE,
0,00000284,false,Rx,0,6,0A,0A,00,00,00,00,00,00,
0,00000380,false,Rx,0,8,B0,80,00,76,20,00,00,FE,
0,00000380,false,Rx,0,8,B0,80,00,76,20,00,00,FE,
0,00000284,false,Rx,0,6,0B,0B,00,00,00,00,00,00,
0,00000380,false,Rx,0,8,B0,80,00,76,20,00,00,FE,
0,00000380,false,Rx,0,8,B0,80,00,76,20,00,00,FE,
0,00000284,false,Rx,0,6,0C,0C,00,00,00,00,00,00,
0,00000380,false,Rx,0,8,B0,80,00,76,20,00,00,FE,
0,00000380,false,Rx,0,8,B0,80,00,76,20,00,00,FE,
0,00000284,false,Rx,0,6,0D,0D,00,00,00,00,00,00,
0,00000380,false,Rx,0,8,B0,80,00,76,20,00,00,FE,
0,00000380,false,Rx,0,8,B0,80,00,76,20,00,00,FE,
0,00000284,false,Rx,0,6,0E,0E,00,00,00,00,00,00,
0,00000380,false,Rx,0,8,B0,80,00,76,20,00,00,FE,
0,00000380,false,Rx,0,8,B0,80,00,76,20,00,00,FE,
0,00000284,false,Rx,0,6,0F,0F,00,00,00,00,00,00,
0,00000380,false,Rx,0,8,B0,80,00,76,20,00,00,FE,
0,00000380,false,Rx,0,8,B0,80,00,76,20,00,00,FE,
0,00000284,false,Rx,0,6,00,00,00,00,00,00,00,00,
0,00000380,false,Rx,0,8,B0,80,00,76,20,00,00,FE,
0,00000380,false,Rx,0,8,B0,80,00,76,20,00,00,FE,
0,00000588,false,Rx,0,8,0B,00,72,00,00,80,00,00,
0,00000380,false,Rx,0,8,B0,80,00,76,20,00,00,FE,
0,00000380,false,Rx,0,8,B0,80,00,76,20,00,00,FE,
0,00000284,false,Rx,0,6,02,02,00,00,00,00,00,00,
0,00000380,false,Rx,0,8,B0,80,00,76,20,00,00,FE,
0,00000380,false,Rx,0,8,B0,80,00,76,20,00,00,FE,
0,00000284,false,Rx,0,6,03,03,00,00,00,00,00,00,
0,00000380,false,Rx,0,8,B0,80,00,76,20,00,00,FE,
0,00000380,false,Rx,0,8,B0,80,00,76,20,00,00,FE,
0,00000284,false,Rx,0,6,04,04,00,00,00,00,00,00,
0,00000380,false,Rx,0,8,B0,80,00,76,20,00,00,FE,
0,00000380,false,Rx,0,8,B0,80,00,76,20,00,00,FE,
0,00000588,false,Rx,0,8,0B,00,72,00,00,80,00,00,
0,00000380,false,Rx,0,8,B0,80,00,76,20,00,00,FE,
0,00000380,false,Rx,0,8,B0,80,00,76,20,00,00,FE,
0,00000284,false,Rx,0,6,06,06,00,00,00,00,00,00,
0,00000380,false,Rx,0,8,B0,80,00,76,20,00,00,FE,
0,00000380,false,Rx,0,8,B0,80,00,76,20,00,00,FE,
0,00000284,false,Rx,0,6,07,07,00,00,00,00,00,00,
0,00000380,false,Rx,0,8,B0,80,00,76,20,00,00,FE,
0,00000380,false,Rx,0,8,B0,80,00,76,20,00,00,FE,
0,00000284,false,Rx,0,6,08,08,00,00,00,00,00,00,
0,00000380,false,Rx,0,8,B0,80,00,76,20,00,00,FE,
0,00000380,false,Rx,0,8,B0,80,00,76,20,00,00,FE,
0,00000588,false,Rx,0,8,0B,00,72,00,00,80,00,00,
0,00000380,false,Rx,0,8,B0,80,00,76,20,00,00,FE,
0,00000380,false,Rx,0,8,B0,80,00,76,20,00,00,FE,
0,00000284,false,Rx,0,6,0A,0A,00,00,00,00,00,00,
0,00000380,false,Rx,0,8,B0,80,00,76,20,00,00,FE,
0,00000380,false,Rx,0,8,B0,80,00,76,20,00,00,FE,
0,00000284,false,Rx,0,6,0B,0B,00,00,00,00,00,00,
0,00000380,false,Rx,0,8,B0,80,00,76,20,00,00,FE,
0,00000380,false,Rx,0,8,B0,80,00,76,20,00,00,FE,
0,00000284,false,Rx,0,6,0C,0C,00,00,00,00,00,00,
0,00000380,false,Rx,0,8,B0,80,00,76,20,00,00,FE,
0,00000380,false,Rx,0,8,B0,80,00,76,20,00,00,FE,
0,00000588,false,Rx,0,8,0B,00,72,00,00,80,00,00,
0,00000380,false,Rx,0,8,B0,80,00,76,20,00,00,FE,
0,00000380,false,Rx,0,8,B0,80,00,76,20,00,00,FE,
0,00000284,false,Rx,0,6,0E,0E,00,00,00,00,00,00,
0,00000380,false,Rx,0,8,B0,80,00,76,20,00,00,FE,
0,00000380,false,Rx,0,8,B0,80,00,76,20,00,00,FE,
0,00000588,false,Rx,0,8,0B,00,72,00,00,80,00,00,
0,00000380,false,Rx,0,8,B0,80,00,76,20,00,00,FE,
0,00000380,false,Rx,0,8,B0,80,00,76,20,00,00,FE,
0,00000284,false,Rx,0,6,00,00,00,00,00,00,00,00,
0,00000380,false,Rx,0,8,B0,80,00,76,20,00,00,FE,
0,00000380,false,Rx,0,8,B0,80,00,76,20,00,00,FE,
0,00000588,false,Rx,0,8,0B,00,72,00,00,80,00,00,
0,00000380,false,Rx,0,8,B0,80,00,76,20,00,00,FE,
0,00000380,false,Rx,0,8,B0,80,00,76,20,00,00,FE,
0,00000284,false,Rx,0,6,02,02,00,00,00,00,00,00,
0,00000380,false,Rx,0,8,B0,80,00,76,20,00,00,FE,
0,00000380,false,Rx,0,8,B0,80,00,76,20,00,00,FE,
11000,00000588,false,Rx,0,8,0B,00,72,00,00,80,00,00,
0,00000380,false,Rx,0,8,B0,80,00,76,20,00,00,FE,
0,00000380,false,Rx,0,8,B0,80,00,76,20,00,00,FE,
0,00000588,false,Rx,0,8,0B,00,72,00,00,80,00,00,
0,00000380,false,Rx,0,8,B0,80,00,76,20,00,00,FE,
0,00000380,false,Rx,0,8,B0,80,00,76,20,00,00,FE,
48000,00000588,false,Rx,0,8,0B,00,72,00,00,80,00,00,
0,00000380,false,Rx,0,8,B0,80,00,76,20,00,00,FE,
0,00000380,false,Rx,0,8,B0,80,00,76,20,00,00,FE,
0,00000284,false,Rx,0,6,06,06,00,00,00,00,00,00,
0,00000380,false,Rx,0,8,B0,80,00,76,20,00,00,FE,
0,00000380,false,Rx,0,8,B0,80,00,76,20,00,00,FE,
0,00000588,false,Rx,0,8,0B,00,72,00,00,80,00,00,
0,00000380,false,Rx,0,8,B0,80,00,76,20,00,00,FE,
0,00000380,false,Rx,0,8,B0,80,00,76,20,00,00,FE,
0,00000588,false,Rx,0,8,0B,00,72,00,00,80,00,00,
0,00000380,false,Rx,0,8,B0,80,00,76,20,00,00,FE,
0,00000380,false,Rx,0,8,B0,80,00,76,20,00,00,FE,
0,00000588,false,Rx,0,8,0B,00,72,00,00,80,00,00,
0,00000380,false,Rx,0,8,B0,80,00,76,20,00,00,FE,
0,00000380,false,Rx,0,8,B0,80,00,76,20,00,00,FE,
0,00000588,false,Rx,0,8,0B,00,72,00,00,80,00,00,
0,00000380,false,Rx,0,8,B0,80,00,76,20,00,00,FE,
0,00000380,false,Rx,0,8,B0,80,00,76,20,00,00,FE,
0,00000588,false,Rx,0,8,0B,00,72,00,00,80,00,00,
0,00000380,false,Rx,0,8,B0,80,00,76,20,00,00,FE,
0,00000380,false,Rx,0,8,B0,80,00,76,20,00,00,FE,
0,00000588,false,Rx,0,8,0B,00,72,00,00,80,00,00,
0,00000380,false,Rx,0,8,B0,80,00,76,20,00,00,FE,
0,00000380,false,Rx,0,8,B0,80,00,76,20,00,00,FE,
0,00000588,false,Rx,0,8,0B,00,72,00,00,80,00,00,
0,00000380,false,Rx,0,8,B0,80,00,76,20,00,00,FE,
0,00000380,false,Rx,0,8,B0,80,00,76,20,00,00,FE,
0,00000588,false,Rx,0,8,0B,00,72,00,00,80,00,00,
0,00000380,false,Rx,0,8,B0,80,00,76,20,00,00,FE,
0,00000380,false,Rx,0,8,B0,80,00,76,20,00,00,FE,
248000,00000588,false,Rx,0,8,0B,00,72,00,00,80,00,00,
0,00000380,false,Rx,0,8,B0,80,00,76,20,00,00,FE,
0,00000380,false,Rx,0,8,B0,80,00,76,20,00,00,FE,
0,00000588,false,Rx,0,8,0B,00,72,00,00,80,00,00,
0,00000380,false,Rx,0,8,B0,80,00,76,20,00,00,FE,
0,00000380,false,Rx,0,8,B0,80,00,76,20,00,00,FE,
0,00000588,false,Rx,0,8,0B,00,72,00,00,80,00,00,
0,00000380,false,Rx,0,8,B0,80,00,76,20,00,00,FE,
0,00000380,false,Rx,0,8,B0,80,00,76,20,00,00,FE,
0,00000588,false,Rx,0,8,0B,00,72,00,00,80,00,00,
0,00000380,false,Rx,0,8,B0,80,00,76,20,00,00,FE,
0,00000380,false,Rx,0,8,B0,80,00,76,20,00,00,FE,
0,00000588,false,Rx,0,8,0B,00,72,00,00,80,00,00,
0,00000380,false,Rx,0,8,B0,80,00,76,20,00,00,FE,
0,00000380,false,Rx,0,8,B0,80,00,76,20,00,00,FE,
0,00000588,false,Rx,0,8,0B,00,72,00,00,80,00,00,
0,00000380,false,Rx,0,8,B0,80,00,76,20,00,00,FE,
0,00000380,false,Rx,0,8,B0,80,00,76,20,00,00,FE,
0,00000588,false,Rx,0,8,0B,00,72,00,00,80,00,00,
0,00000380,false,Rx,0,8,B0,80,00,76,20,00,00,FE,
0,00000380,false,Rx,0,8,B0,80,00,76,20,00,00,FE,
392000,00000588,false,Rx,0,8,0B,00,72,00,00,80,00,00,
0,00000380,false,Rx,0,8,B0,80,00,76,20,00,00,FE,
0,00000380,false,Rx,0,8,B0,80,00,76,20,00,00,FE,
0,00000588,false,Rx,0,8,0B,00,72,00,00,80,00,00,
0,00000380,false,Rx,0,8,B0,80,00,76,20,00,00,FE,
0,00000380,false,Rx,0,8,B0,80,00,76,20,00,00,FE,
429000,00000588,false,Rx,0,8,0B,00,72,00,00,80,00,00,
0,00000380,false,Rx,0,8,B0,80,00,76,20,00,00,FE,
0,00000380,false,Rx,0,8,B0,80,00,76,20,00,00,FE,
0,00000588,false,Rx,0,8,0B,00,72,00,00,80,00,00,
0,00000380,false,Rx,0,8,B0,80,00,76,20,00,00,FE,
0,00000380,false,Rx,0,8,B0,80,00,76,20,00,00,FE,
0,00000588,false,Rx,0,8,0B,00,72,00,00,80,00,00,
